M0X,M0Y,M0T,M1X,M1Y,M1T,M2X,M2Y,M2T,M3X,M3Y,M3T,M4X,M4Y,M4T,M5X,M5Y,M5T,M6X,M6Y,M6T,M7X,M7Y,M7T,M8X,M8Y,M8T,M9X,M9Y,M9T,M10X,M10Y,M10T
0.0,0.0,0,1.3636474609375,77.8636474609375,0,4.5,128.0,0,8.0,182.5,0,6.0,235.0,0,10.5,333.5,0,16.5,409.0,0,11.5,462.5,0,12.5,517.2222290039062,0,17.0,569.0,0,12.5,648.5,0
0.0,0.0,0,1.73077392578125,78.0,0,4.61346435546875,128.2479248046875,0,8.0,182.5,0,5.5,235.5,0,10.5,333.5,0,16.5,409.0,0,11.5,462.5,0,12.5,517.3181762695312,0,17.0,569.0,0,12.5,648.5,0
0.0,0.0,0,1.5,77.8636474609375,0,4.5,127.8636474609375,0,8.16259765625,182.31488037109375,0,6.0,234.8636474609375,0,10.5,333.3636474609375,0,16.5,408.8636474609375,0,11.5,462.3636474609375,0,12.5,516.8636474609375,0,17.0,568.8636474609375,0,13.0,648.3636474609375,0
0.0,0.0,0,1.73077392578125,77.8636474609375,0,4.5,127.5909423828125,0,8.0,182.3636474609375,0,6.0,234.8636474609375,0,10.5,333.18182373046875,0,16.5,408.8636474609375,0,11.5,462.3636474609375,0,12.5,516.8636474609375,0,17.0,568.8636474609375,0,12.5,648.3636474609375,0
0.0,0.0,0,1.5,77.8125,0,4.5,128.0,0,8.16259765625,182.45123291015625,0,6.0,235.0,0,10.0,333.1363525390625,0,16.5,409.0,0,11.5,462.5,0,12.5,517.0,0,17.0,569.0,0,12.5,648.5,0
0.0,0.0,0,1.5,77.40911865234375,0,4.5,127.40911865234375,0,8.0,181.90911865234375,0,6.0,234.40911865234375,0,10.5,332.727294921875,0,16.5,408.727294921875,0,11.5,461.90911865234375,0,13.0,516.9091186523438,0,17.0,568.4091186523438,0,12.5,647.9091186523438,0
0.0,0.0,0,1.5,77.8636474609375,0,4.5,127.8636474609375,0,8.16259765625,182.31488037109375,0,5.5,234.8636474609375,0,10.5,333.18182373046875,0,16.24505615234375,408.79412841796875,0,11.5,462.3636474609375,0,12.5,516.8636474609375,0,17.0,568.8636474609375,0,13.0,648.3636474609375,0
0.0,0.0,0,1.5,77.8125,0,4.5,128.3499755859375,0,8.0,182.5,0,6.0,235.0,0,10.5,333.31817626953125,0,16.5,408.6500244140625,0,12.0,462.0,0,13.0,517.5,0,17.5,568.5,0,13.0,648.5,0
0.0,0.0,0,1.5,77.8125,0,4.5,128.0,0,8.16259765625,182.45123291015625,0,6.0,235.0,0,10.5,333.31817626953125,0,16.5,409.20001220703125,0,12.0,462.0,0,13.0,517.5,0,17.0,569.0,0,13.0,648.0,0
0.0,0.0,0,1.5,78.0,0,4.5,128.0,0,8.0,182.5,0,6.0,235.0,0,10.723388671875,333.074462890625,0,16.24505615234375,408.93048095703125,0,12.0,462.0,0,13.0,517.5,0,16.71875,569.0,0,13.0,648.0,0
0.0,0.0,0,1.5,77.8636474609375,0,5.0,127.727294921875,0,8.0,182.3636474609375,0,6.0,234.8636474609375,0,10.73333740234375,333.09698486328125,0,16.5,408.513671875,0,12.0,461.8636474609375,0,12.5,517.3636474609375,0,17.0,568.8636474609375,0,13.5,648.3636474609375,0
0.0,0.0,0,1.5,77.6500244140625,0,4.5,128.0,0,8.0,182.5,0,6.0,235.0,0,10.5,333.31817626953125,0,16.5,408.6500244140625,0,12.0,462.0,0,13.0,517.5,0,17.0,568.5,0,13.0,648.5,0
0.0,0.0,0,1.5,77.40911865234375,0,5.0,127.27276611328125,0,8.0,181.40911865234375,0,6.0,234.40911865234375,0,10.73333740234375,332.6424560546875,0,16.24505615234375,408.339599609375,0,12.0,461.40911865234375,0,12.5,516.9091186523438,0,16.71875,568.4091186523438,0,13.0,647.9091186523438,0
0.0,0.0,0,1.5,78.0,0,4.5,128.0,0,8.0,182.5,0,6.0,235.0,0,10.723388671875,333.074462890625,0,16.5,409.0,0,11.5,462.5,0,12.5,517.3181762695312,0,17.0,569.0,0,12.5,648.5,0
0.0,0.0,0,1.5,77.6761474609375,0,4.5,127.8636474609375,0,8.0,182.3636474609375,0,6.0,234.8636474609375,0,10.65216064453125,332.71148681640625,0,16.5,409.18182373046875,0,12.5,462.8636474609375,0,14.0,518.727294921875,0,18.0,571.8636474609375,0,12.0,652.3636474609375,0
0.0,0.0,0,1.66668701171875,78.16668701171875,0,4.44830322265625,127.74139404296875,0,8.0,182.0,0,6.0,235.5,0,10.5,332.727294921875,0,17.0,409.5,0,12.5,464.0,0,13.0,520.5,0,16.5,574.5,0,8.5,655.5,0
0.0,0.0,0,2.14459228515625,77.8291015625,0,5.2144775390625,126.84637451171875,0,8.25396728515625,181.5634765625,0,6.25396728515625,234.0634765625,0,10.75396728515625,332.27178955078125,0,17.75396728515625,408.5634765625,0,12.25396728515625,464.0634765625,0,11.75396728515625,521.5634765625,0,14.25396728515625,576.5634765625,0,4.25396728515625,658.0634765625,0
0.0,0.0,0,1.76922607421875,77.272705078125,0,5.0,127.09088134765625,0,8.5,181.272705078125,0,6.0,233.772705078125,0,11.0,332.272705078125,0,17.69049072265625,408.96319580078125,0,12.0,465.272705078125,0,11.0,523.772705078125,0,11.5,579.772705078125,0,-1.0,661.772705078125,0
0.0,0.0,0,1.5,77.5,0,5.0,127.3636474609375,0,8.0,181.3636474609375,0,6.0,234.0,0,10.65216064453125,332.34783935546875,0,16.7911376953125,409.924072265625,0,11.0,467.0,0,9.0,526.0,0,9.0,582.5,0,-6.5,664.5,0
0.0,0.0,0,1.7581787109375,77.37255859375,0,5.0,127.3636474609375,0,8.0,181.3636474609375,0,6.0,234.5,0,10.5,332.0,0,17.23968505859375,410.40496826171875,0,11.0,467.5,0,7.5,527.5,0,6.0,585.0,0,-11.0,667.0,0
0.0,0.0,0,1.5,77.40911865234375,0,4.65069580078125,127.3680419921875,0,8.0,180.90911865234375,0,5.5,233.90911865234375,0,11.0,331.90911865234375,0,16.79998779296875,410.7091064453125,0,9.5,469.40911865234375,0,6.0,529.2424621582031,0,3.5,587.4091186523438,0,-16.5,669.4091186523438,0
0.0,0.0,0,2.0,77.90911865234375,0,4.65069580078125,127.3680419921875,0,8.0,181.40911865234375,0,6.0,233.90911865234375,0,11.0,331.90911865234375,0,17.0,411.90911865234375,0,9.5,470.40911865234375,0,4.5,531.0909423828125,0,0.5,590.4091186523438,0,-21.5,672.4091186523438,0
0.0,0.0,0,1.890625,78.1292724609375,0,4.66668701171875,128.03033447265625,0,8.0,181.8636474609375,0,6.0,234.8636474609375,0,11.0,332.3636474609375,0,17.0,412.8636474609375,0,9.0,471.8636474609375,0,2.5,533.5454711914062,0,-2.5,592.8636474609375,0,-26.5,674.8636474609375,0
0.0,0.0,0,2.0206298828125,77.5634765625,0,4.87445068359375,127.1297607421875,0,7.9539794921875,181.5634765625,0,5.75396728515625,234.0634765625,0,10.75396728515625,332.290771484375,0,16.75396728515625,412.23016357421875,0,8.25396728515625,473.0634765625,0,1.75396728515625,535.0634765625,0,-5.24603271484375,594.5634765625,0,-32.24603271484375,677.0634765625,0
0.0,0.0,0,1.0,77.09088134765625,0,4.5,126.783203125,0,7.6016845703125,180.75189208984375,0,5.0,234.09088134765625,0,10.0,331.9090576171875,0,16.2911376953125,412.01495361328125,0,6.5,474.09088134765625,0,-0.5,536.0908813476562,0,-8.5,596.5908813476562,0,-38.0,678.5908813476562,0
0.0,0.0,0,2.02252197265625,77.6024169921875,0,4.76434326171875,127.39654541015625,0,7.90069580078125,181.2298583984375,0,5.76434326171875,234.2298583984375,0,10.76434326171875,332.4571533203125,0,16.51434326171875,413.4798583984375,0,7.26434326171875,475.2298583984375,0,-1.6275634765625,538.5271606445312,0,-10.23565673828125,599.2298583984375,0,-42.23565673828125,681.2298583984375,0
0.0,0.0,0,2.15478515625,77.9920654296875,0,4.91485595703125,127.68536376953125,0,8.26416015625,181.7264404296875,0,6.26416015625,234.2264404296875,0,11.26416015625,332.2264404296875,0,16.5245361328125,414.32110595703125,0,6.26416015625,476.7264404296875,0,-3.73583984375,540.2264404296875,0,-13.73583984375,601.2264404296875,0,-48.23583984375,683.2264404296875,0
0.0,0.0,0,1.3382568359375,77.56219482421875,0,4.5,127.5909423828125,0,8.0,181.727294921875,0,6.0,234.3636474609375,0,10.5,332.5909423828125,0,15.7608642578125,415.4071044921875,0,5.0,477.8636474609375,0,-6.0,542.3636474609375,0,-18.0,603.8636474609375,0,-53.5,685.3636474609375,0
0.0,0.0,0,1.76666259765625,77.8636474609375,0,4.5,127.8636474609375,0,7.77777099609375,181.3636474609375,0,5.5,234.3636474609375,0,11.0,332.3636474609375,0,15.79998779296875,415.16363525390625,0,4.5,478.8636474609375,0,-6.5,543.8636474609375,0,-20.0,605.8636474609375,0,-58.0,687.3636474609375,0
0.0,0.0,0,1.76666259765625,77.40911865234375,0,4.6204833984375,126.97540283203125,0,7.65069580078125,181.3680419921875,0,5.5,233.90911865234375,0,11.0,331.90911865234375,0,16.17388916015625,416.0830078125,0,4.0,479.90911865234375,0,-8.5,544.9091186523438,0,-23.0,607.4091186523438,0,-63.0,688.4091186523438,0
0.0,0.0,0,1.5,77.8636474609375,0,5.0,127.727294921875,0,8.0,181.727294921875,0,5.5,234.3636474609375,0,11.0,332.3636474609375,0,15.7911376953125,416.2877197265625,0,3.0,481.3636474609375,0,-10.5,547.3636474609375,0,-26.5,609.8636474609375,0,-69.0,690.3636474609375,0
0.0,0.0,0,1.5,78.0,0,4.6204833984375,127.5662841796875,0,7.65069580078125,181.95892333984375,0,6.0,235.0,0,11.0,332.5,0,15.7911376953125,417.424072265625,0,3.0,482.5,0,-12.5,549.0,0,-29.0,611.5,0,-74.0,692.0,0
0.0,0.0,0,1.76666259765625,77.40911865234375,0,4.96051025390625,126.6920166015625,0,8.0,181.40911865234375,0,5.5,233.90911865234375,0,10.5,332.13641357421875,0,15.125,417.03411865234375,0,2.0,482.90911865234375,0,-13.5,549.4091186523438,0,-32.0,612.4091186523438,0,-79.0,692.9091186523438,0
0.0,0.0,0,1.76416015625,77.7264404296875,0,4.8846435546875,127.292724609375,0,8.26416015625,181.7264404296875,0,5.76416015625,234.2264404296875,0,11.26416015625,332.2264404296875,0,15.5245361328125,418.32110595703125,0,1.76416015625,484.2264404296875,0,-15.23583984375,551.7264404296875,0,-34.23583984375,614.7264404296875,0,-83.73583984375,693.7264404296875,0
0.0,0.0,0,1.76416015625,77.7264404296875,0,5.26416015625,127.590087890625,0,8.26416015625,181.7264404296875,0,5.76416015625,234.7264404296875,0,11.26416015625,332.2264404296875,0,15.43804931640625,419.40032958984375,0,1.26416015625,485.2264404296875,0,-17.23583984375,552.7264404296875,0,-37.23583984375,616.7264404296875,0,-88.23583984375,694.7264404296875,0
0.0,0.0,0,1.70269775390625,77.60809326171875,0,4.5,127.0384521484375,0,8.0,181.65386962890625,0,5.5,234.5,0,10.5,332.727294921875,0,14.25,419.75,0,0.0,486.5,0,-18.0,554.0,0,-40.5,618.0,0,-93.5,696.0,0
0.0,0.0,0,1.76416015625,77.7264404296875,0,4.76416015625,127.39312744140625,0,8.26416015625,181.7264404296875,0,5.76416015625,234.2264404296875,0,11.26416015625,332.2264404296875,0,15.10137939453125,419.5054931640625,0,-0.73583984375,487.2264404296875,0,-19.73583984375,555.2264404296875,0,-42.73583984375,619.2264404296875,0,-98.23583984375,696.7264404296875,0
0.0,0.0,0,1.76434326171875,77.7298583984375,0,5.26434326171875,127.593505859375,0,8.26434326171875,181.593505859375,0,6.26434326171875,234.2298583984375,0,11.26434326171875,332.2298583984375,0,14.5355224609375,420.16204833984375,0,-1.23565673828125,488.2298583984375,0,-21.73565673828125,556.7298583984375,0,-46.23565673828125,620.7298583984375,0,-103.23565673828125,697.7298583984375,0
0.0,0.0,0,1.76416015625,77.7264404296875,0,5.26416015625,127.590087890625,0,8.26416015625,181.7264404296875,0,5.99493408203125,234.7264404296875,0,11.26416015625,332.2264404296875,0,14.785888671875,420.7481689453125,0,-1.73583984375,489.2264404296875,0,-23.23583984375,557.7264404296875,0,-48.23583984375,622.2264404296875,0,-107.23583984375,697.2264404296875,0
0.0,0.0,0,1.5,78.0,0,4.5,128.0,0,8.0,182.0,0,5.73077392578125,235.0,0,11.0,332.5,0,14.521728515625,422.021728515625,0,-3.0,491.0,0,-25.0,559.0,0,-51.5,623.5,0,-112.5,698.5,0
0.0,0.0,0,1.29058837890625,77.70904541015625,0,4.29058837890625,127.3148193359375,0,7.6341552734375,181.6297607421875,0,5.29058837890625,234.4398193359375,0,10.29058837890625,332.25799560546875,0,13.79058837890625,421.9398193359375,0,-3.70941162109375,490.9398193359375,0,-26.70941162109375,559.4398193359375,0,-54.70941162109375,624.4398193359375,0,-117.20941162109375,698.4398193359375,0
0.0,0.0,0,1.5,77.40911865234375,0,4.5,127.227294921875,0,7.5,181.40911865234375,0,6.0,233.90911865234375,0,10.5,332.727294921875,0,13.91668701171875,422.679931640625,0,-4.5,491.90911865234375,0,-28.0,560.9091186523438,0,-57.5,625.9091186523438,0,-121.5,698.4091186523438,0
0.0,0.0,0,1.5,77.40911865234375,0,4.5,127.13641357421875,0,7.611083984375,181.40911865234375,0,5.5,234.40911865234375,0,10.5,332.4591064453125,0,13.8636474609375,422.77276611328125,0,-5.0,492.40911865234375,0,-30.0,561.9091186523438,0,-60.5,626.4091186523438,0,-126.0,697.9091186523438,0
0.0,0.0,0,1.5,77.40911865234375,0,4.5,127.75909423828125,0,8.0,181.40911865234375,0,5.5,234.40911865234375,0,10.5,332.4591064453125,0,13.19049072265625,423.099609375,0,-6.0,493.90911865234375,0,-31.5,562.9091186523438,0,-63.0,627.4091186523438,0,-130.5,698.9091186523438,0
0.0,0.0,0,1.5,77.40911865234375,0,4.5,127.227294921875,0,8.0,181.90911865234375,0,6.0,233.90911865234375,0,10.5,332.727294921875,0,13.5,423.40911865234375,0,-7.0,494.90911865234375,0,-33.5,563.9091186523438,0,-66.0,628.4091186523438,0,-134.5,698.4091186523438,0
0.0,0.0,0,1.5,77.40911865234375,0,4.5,127.227294921875,0,8.0,181.90911865234375,0,5.5,233.90911865234375,0,10.5,332.727294921875,0,13.40911865234375,424.3182373046875,0,-7.0,495.40911865234375,0,-34.5,564.4091186523438,0,-69.0,629.4091186523438,0,-139.5,698.9091186523438,0
0.0,0.0,0,1.5,77.40911865234375,0,4.5,127.227294921875,0,7.611083984375,181.40911865234375,0,5.5,234.40911865234375,0,10.5,332.727294921875,0,12.91668701171875,424.679931640625,0,-8.5,496.40911865234375,0,-36.5,565.9091186523438,0,-71.5,630.4091186523438,0,-143.5,698.4091186523438,0
0.0,0.0,0,1.0,76.90911865234375,0,4.478271484375,127.21343994140625,0,8.0,181.40911865234375,0,5.0,233.90911865234375,0,10.5,332.727294921875,0,13.34930419921875,424.3680419921875,0,-8.5,496.90911865234375,0,-37.5,566.9091186523438,0,-73.5,631.4091186523438,0,-147.0,698.9091186523438,0
0.0,0.0,0,1.5,77.40911865234375,0,4.5,127.79803466796875,0,8.0,181.40911865234375,0,5.5,233.90911865234375,0,10.5,332.727294921875,0,12.91668701171875,425.679931640625,0,-9.0,497.90911865234375,0,-39.0,567.4091186523438,0,-76.0,631.9091186523438,0,-150.54168701171875,698.3674621582031,0
0.0,0.0,0,1.5,77.40911865234375,0,4.5,127.227294921875,0,8.0,181.40911865234375,0,6.0,233.90911865234375,0,10.5,332.727294921875,0,12.33331298828125,425.5758056640625,0,-9.5,498.40911865234375,0,-40.0,568.4091186523438,0,-78.5,632.9091186523438,0,-154.5,698.4091186523438,0
0.0,0.0,0,1.5,77.40911865234375,0,4.5,127.227294921875,0,8.0,181.40911865234375,0,6.0,233.90911865234375,0,10.5,332.727294921875,0,12.40911865234375,426.3182373046875,0,-10.0,499.40911865234375,0,-41.5,568.9091186523438,0,-80.5,633.4091186523438,0,-158.0,697.9091186523438,0
0.0,0.0,0,2.0,76.772705078125,0,4.79412841796875,126.97857666015625,0,8.5,181.272705078125,0,6.0,233.272705078125,0,11.0,332.09088134765625,0,12.41668701171875,426.04351806640625,0,-10.5,499.272705078125,0,-42.0,568.272705078125,0,-82.5,633.272705078125,0,-161.5,697.272705078125,0
0.0,0.0,0,1.5,77.40911865234375,0,4.5,127.227294921875,0,8.0,181.40911865234375,0,6.0,233.90911865234375,0,10.5,332.727294921875,0,11.5,427.40911865234375,0,-11.5,500.40911865234375,0,-44.5,570.4091186523438,0,-85.0,634.4091186523438,0,-164.7825927734375,697.1264953613281,0
0.0,0.0,0,1.5,77.40911865234375,0,4.5,127.227294921875,0,7.5,181.40911865234375,0,5.5,234.40911865234375,0,10.5,332.727294921875,0,11.59576416015625,427.76019287109375,0,-11.5,500.40911865234375,0,-45.5,570.9091186523438,0,-87.0,634.9091186523438,0,-168.0,697.4091186523438,0
0.0,0.0,0,1.26922607421875,77.40911865234375,0,4.5,127.227294921875,0,8.0,181.40911865234375,0,5.5,234.40911865234375,0,10.5,332.727294921875,0,11.91668701171875,427.679931640625,0,-12.5,501.40911865234375,0,-46.5,571.9091186523438,0,-89.0,635.9091186523438,0,-171.0,696.9091186523438,0
0.0,0.0,0,1.5,77.40911865234375,0,4.5,127.79803466796875,0,8.0,181.90911865234375,0,5.5,234.02020263671875,0,10.5,332.727294921875,0,12.08697509765625,427.99609375,0,-12.5,501.40911865234375,0,-47.5,572.4091186523438,0,-91.0,635.9091186523438,0,-174.0,696.4091186523438,0
0.0,0.0,0,1.26922607421875,77.40911865234375,0,4.5,127.227294921875,0,8.0,181.40911865234375,0,6.0,233.90911865234375,0,10.5,332.727294921875,0,11.6956787109375,428.60479736328125,0,-12.5,501.90911865234375,0,-47.5,572.9091186523438,0,-91.0,635.9091186523438,0,-174.0,696.4091186523438,0
0.0,0.0,0,1.26922607421875,77.40911865234375,0,4.5,127.79803466796875,0,8.0,181.40911865234375,0,6.0,233.90911865234375,0,10.5,332.727294921875,0,12.08697509765625,427.99609375,0,-12.5,501.40911865234375,0,-47.5,571.9091186523438,0,-91.0,635.9091186523438,0,-174.0,696.4091186523438,0
0.0,0.0,0,1.0,76.90911865234375,0,4.478271484375,127.21343994140625,0,8.0,181.40911865234375,0,5.5,233.90911865234375,0,10.5,332.727294921875,0,12.08697509765625,427.99609375,0,-12.5,501.90911865234375,0,-47.5,572.9091186523438,0,-91.0,635.9091186523438,0,-174.45831298828125,696.4507751464844,0
0.0,0.0,0,1.8173828125,76.739501953125,0,4.8173828125,127.12841796875,0,8.3173828125,181.239501953125,0,5.8173828125,233.739501953125,0,10.8173828125,332.239501953125,0,12.23406982421875,428.01031494140625,0,-12.1826171875,501.239501953125,0,-47.1826171875,571.739501953125,0,-90.6826171875,635.739501953125,0,-173.6826171875,696.239501953125,0
0.0,0.0,0,1.5,76.96527099609375,0,4.5,127.16668701171875,0,7.5,181.27777099609375,0,5.5,234.27777099609375,0,10.5,332.77777099609375,0,11.91668701171875,428.548583984375,0,-12.5,501.77777099609375,0,-47.5,572.2777709960938,0,-91.0,635.7777709960938,0,-174.12213134765625,696.3121337890625,0
0.0,0.0,0,2.0,77.272705078125,0,5.0,127.09088134765625,0,8.5,181.272705078125,0,6.0,233.772705078125,0,11.223388671875,332.34716796875,0,12.41668701171875,427.54351806640625,0,-12.0,501.272705078125,0,-47.0,572.272705078125,0,-90.5,635.772705078125,0,-173.7174072265625,696.5553283691406,0
0.0,0.0,0,1.5,77.68182373046875,0,4.96051025390625,126.9647216796875,0,8.0,181.68182373046875,0,5.73077392578125,234.68182373046875,0,10.65216064453125,332.5296630859375,0,12.125,427.30682373046875,0,-12.0,500.68182373046875,0,-47.0,572.1818237304688,0,-91.0,636.1818237304688,0,-174.0,696.6818237304688,0
0.0,0.0,0,1.2581787109375,77.46343994140625,0,4.2581787109375,127.53924560546875,0,7.7581787109375,181.87255859375,0,5.2581787109375,234.87255859375,0,10.7581787109375,332.37255859375,0,11.8831787109375,427.49755859375,0,-12.2418212890625,500.87255859375,0,-47.7418212890625,572.87255859375,0,-91.2418212890625,636.37255859375,0,-174.6658935546875,696.8852233886719,0
0.0,0.0,0,1.5,77.272705078125,0,4.5,127.05682373046875,0,8.0,181.68182373046875,0,5.5,234.18182373046875,0,11.0,332.18182373046875,0,12.125,427.30682373046875,0,-13.0,501.68182373046875,0,-47.0,572.1818237304688,0,-91.0,636.1818237304688,0,-174.0,696.6818237304688,0
0.0,0.0,0,1.5,77.72723388671875,0,4.5,127.5113525390625,0,7.55999755859375,181.496337890625,0,5.5,234.6363525390625,0,11.0,332.6363525390625,0,12.125,427.7613525390625,0,-12.5,501.6363525390625,0,-47.0,572.6363525390625,0,-91.0,636.6363525390625,0,-173.5,697.1363525390625,0
0.0,0.0,0,1.2581787109375,77.87255859375,0,4.2581787109375,127.53924560546875,0,7.7581787109375,181.87255859375,0,5.2581787109375,234.37255859375,0,10.41033935546875,332.72039794921875,0,11.8831787109375,427.49755859375,0,-13.2418212890625,501.87255859375,0,-47.7418212890625,572.87255859375,0,-91.2418212890625,636.37255859375,0,-173.7418212890625,696.87255859375,0
0.0,0.0,0,1.7396240234375,77.09466552734375,0,4.5,126.5384521484375,0,7.55999755859375,180.8599853515625,0,5.5,234.0,0,11.0,332.0,0,12.125,427.125,0,-12.5,501.0,0,-47.5,572.5,0,-91.0,636.0,0,-173.5,696.5,0
0.0,0.0,0,1.2423095703125,77.225830078125,0,4.2423095703125,127.00994873046875,0,7.7423095703125,181.288818359375,0,5.2423095703125,234.13494873046875,0,10.2423095703125,332.63494873046875,0,11.8673095703125,427.25994873046875,0,-12.2576904296875,500.63494873046875,0,-47.2576904296875,572.1349487304688,0,-91.2576904296875,636.1349487304688,0,-174.71630859375,697.0967407226562,0
0.0,0.0,0,1.2423095703125,77.3167724609375,0,4.2423095703125,127.3016357421875,0,7.44232177734375,181.63494873046875,0,5.2423095703125,234.13494873046875,0,10.39447021484375,332.4827880859375,0,11.8673095703125,427.25994873046875,0,-12.2576904296875,501.13494873046875,0,-47.2576904296875,572.1349487304688,0,-91.2576904296875,636.1349487304688,0,-174.71630859375,697.0967407226562,0
0.0,0.0,0,1.5,77.5113525390625,0,4.5,128.1363525390625,0,8.0,182.1363525390625,0,5.5,234.6363525390625,0,11.0,332.6363525390625,0,12.125,427.7613525390625,0,-13.0,502.1363525390625,0,-47.5,573.1363525390625,0,-91.0,636.6363525390625,0,-173.5,697.1363525390625,0
0.0,0.0,0,1.7396240234375,77.8724365234375,0,4.5,128.27777099609375,0,8.0,181.77777099609375,0,5.5,234.77777099609375,0,10.5,333.27777099609375,0,12.08538818359375,428.18023681640625,0,-12.5,501.77777099609375,0,-47.0,572.7777709960938,0,-91.0,636.7777709960938,0,-174.0,697.2777709960938,0
0.0,0.0,0,1.7396240234375,77.8724365234375,0,4.5,127.65277099609375,0,7.6363525390625,181.77777099609375,0,5.5,234.77777099609375,0,11.0,332.77777099609375,0,11.8599853515625,428.2177734375,0,-12.5,501.27777099609375,0,-47.0,572.7777709960938,0,-91.0,636.7777709960938,0,-174.0,697.2777709960938,0
0.0,0.0,0,1.5,77.272705078125,0,4.5,126.72027587890625,0,7.55999755859375,181.04180908203125,0,5.5,234.18182373046875,0,10.723388671875,332.75628662109375,0,12.08538818359375,427.58428955078125,0,-13.0,501.68182373046875,0,-47.5,572.6818237304688,0,-91.0,636.1818237304688,0,-174.0,696.6818237304688,0
0.0,0.0,0,1.7396240234375,77.73101806640625,0,4.5,127.1748046875,0,7.84356689453125,181.8262939453125,0,5.5,234.6363525390625,0,11.0,332.6363525390625,0,12.125,427.7613525390625,0,-13.0,502.1363525390625,0,-47.0,572.6363525390625,0,-91.0,636.6363525390625,0,-173.5,697.1363525390625,0
0.0,0.0,0,1.5,77.5,0,4.5,128.0,0,8.0,181.8636474609375,0,5.5,234.5,0,10.723388671875,333.074462890625,0,12.2264404296875,429.12261962890625,0,-12.5,502.0,0,-47.5,573.0,0,-91.0,636.5,0,-173.5,697.0,0
0.0,0.0,0,1.76416015625,77.7264404296875,0,4.76416015625,127.7264404296875,0,8.26416015625,181.7264404296875,0,5.76416015625,234.7264404296875,0,10.91632080078125,332.57427978515625,0,11.76416015625,428.2264404296875,0,-12.23583984375,500.7264404296875,0,-47.23583984375,572.7264404296875,0,-90.23583984375,635.2264404296875,0,-173.73583984375,696.7264404296875,0
0.0,0.0,0,2.0,76.772705078125,0,4.5,126.6727294921875,0,8.111083984375,180.772705078125,0,6.0,233.772705078125,0,11.15216064453125,331.62054443359375,0,12.41668701171875,427.04351806640625,0,-12.0,500.272705078125,0,-47.0,571.772705078125,0,-90.5,635.272705078125,0,-173.5,695.272705078125,0
0.0,0.0,0,1.5,77.40911865234375,0,4.478271484375,127.21343994140625,0,8.0,181.40911865234375,0,5.5,234.40911865234375,0,10.5,332.727294921875,0,11.91668701171875,427.679931640625,0,-12.5,501.40911865234375,0,-47.5,571.9091186523438,0,-91.0,635.9091186523438,0,-174.0,696.4091186523438,0
0.0,0.0,0,1.0,76.90911865234375,0,4.478271484375,127.21343994140625,0,8.0,181.40911865234375,0,5.5,234.40911865234375,0,10.5,332.727294921875,0,11.8636474609375,427.77276611328125,0,-12.5,500.90911865234375,0,-47.5,572.4091186523438,0,-91.0,635.9091186523438,0,-174.0,695.9091186523438,0
0.0,0.0,0,1.5,77.40911865234375,0,4.0,127.30914306640625,0,7.5,181.40911865234375,0,5.5,234.40911865234375,0,10.5,332.727294921875,0,11.8636474609375,427.77276611328125,0,-12.5,500.90911865234375,0,-47.5,572.4091186523438,0,-91.0,635.9091186523438,0,-174.5,696.4091186523438,0
0.0,0.0,0,1.5,77.40911865234375,0,4.478271484375,127.21343994140625,0,8.0,181.40911865234375,0,5.0,233.90911865234375,0,10.5,332.727294921875,0,11.91668701171875,427.679931640625,0,-12.5,501.40911865234375,0,-47.5,572.9091186523438,0,-91.0,635.9091186523438,0,-173.7825927734375,696.1264953613281,0
0.0,0.0,0,1.26922607421875,77.40911865234375,0,4.01678466796875,126.74102783203125,0,7.611083984375,181.40911865234375,0,5.5,234.40911865234375,0,10.5,332.727294921875,0,11.91668701171875,427.679931640625,0,-13.0,501.40911865234375,0,-47.5,572.4091186523438,0,-91.0,635.9091186523438,0,-174.0,695.9091186523438,0
0.0,0.0,0,1.5,77.40911865234375,0,4.0,127.30914306640625,0,7.5,181.40911865234375,0,5.5,234.40911865234375,0,10.5,332.727294921875,0,11.91668701171875,427.679931640625,0,-13.0,501.40911865234375,0,-47.5,572.4091186523438,0,-91.0,635.9091186523438,0,-174.0,695.9091186523438,0
0.0,0.0,0,1.5,77.40911865234375,0,4.5,127.227294921875,0,7.5,181.40911865234375,0,5.5,234.40911865234375,0,10.5,332.727294921875,0,11.79998779296875,427.7091064453125,0,-12.5,501.40911865234375,0,-47.5,572.4091186523438,0,-91.0,635.9091186523438,0,-174.0,696.4091186523438,0
0.0,0.0,0,1.26922607421875,77.40911865234375,0,4.5,127.75909423828125,0,7.5,181.40911865234375,0,5.5,234.40911865234375,0,10.5,332.727294921875,0,11.79998779296875,427.7091064453125,0,-13.0,501.40911865234375,0,-47.5,572.4091186523438,0,-91.0,635.9091186523438,0,-174.5,696.4091186523438,0
0.0,0.0,0,1.0,76.90911865234375,0,4.478271484375,127.21343994140625,0,7.5,181.40911865234375,0,5.5,234.40911865234375,0,10.5,332.727294921875,0,11.91668701171875,427.679931640625,0,-13.0,501.40911865234375,0,-47.5,572.4091186523438,0,-91.0,635.9091186523438,0,-174.5,696.4091186523438,0
0.0,0.0,0,1.5,78.0,0,4.5,127.79998779296875,0,8.0,182.5,0,5.5,234.5,0,10.5,333.31817626953125,0,11.8636474609375,428.3636474609375,0,-13.0,502.0,0,-47.5,573.0,0,-91.0,636.5,0,-173.7825927734375,696.7173767089844,0
0.0,0.0,0,1.5,77.40911865234375,0,4.478271484375,127.21343994140625,0,7.5,181.40911865234375,0,5.5,233.90911865234375,0,10.5,332.727294921875,0,11.7911376953125,427.83319091796875,0,-13.0,501.40911865234375,0,-47.5,572.4091186523438,0,-91.0,635.9091186523438,0,-174.5,696.4091186523438,0
0.0,0.0,0,1.0,76.90911865234375,0,4.478271484375,127.21343994140625,0,8.0,181.40911865234375,0,5.5,233.90911865234375,0,10.5,332.727294921875,0,11.91668701171875,427.679931640625,0,-12.5,501.40911865234375,0,-47.5,572.4091186523438,0,-91.0,635.9091186523438,0,-174.0,695.9091186523438,0
0.0,0.0,0,1.26922607421875,77.40911865234375,0,4.478271484375,127.21343994140625,0,8.0,181.40911865234375,0,5.5,234.40911865234375,0,10.5,332.727294921875,0,11.91668701171875,427.679931640625,0,-13.0,501.40911865234375,0,-47.5,572.4091186523438,0,-91.0,635.9091186523438,0,-174.45831298828125,696.4507751464844,0
0.0,0.0,0,1.26922607421875,78.0,0,4.5,127.81817626953125,0,7.5,182.0,0,5.5,234.5,0,10.5,333.31817626953125,0,11.91668701171875,428.27081298828125,0,-13.0,502.0,0,-47.5,573.0,0,-91.0,636.5,0,-174.5,697.0,0
0.0,0.0,0,1.0,76.90911865234375,0,4.478271484375,127.21343994140625,0,8.0,181.40911865234375,0,5.5,233.90911865234375,0,10.5,332.727294921875,0,11.91668701171875,427.679931640625,0,-13.0,501.40911865234375,0,-47.5,572.4091186523438,0,-91.0,635.9091186523438,0,-174.0,695.9091186523438,0
0.0,0.0,0,1.0,76.90911865234375,0,4.478271484375,127.21343994140625,0,7.5,181.40911865234375,0,5.5,234.40911865234375,0,10.5,332.727294921875,0,11.8636474609375,427.77276611328125,0,-13.0,501.40911865234375,0,-47.5,572.4091186523438,0,-91.0,635.9091186523438,0,-173.7825927734375,696.1264953613281,0
0.0,0.0,0,1.0,76.90911865234375,0,4.5,127.79803466796875,0,8.0,181.90911865234375,0,5.0,233.90911865234375,0,10.5,332.727294921875,0,11.91668701171875,427.679931640625,0,-13.0,501.40911865234375,0,-47.5,571.9091186523438,0,-91.0,635.9091186523438,0,-174.0,695.9091186523438,0
0.0,0.0,0,1.28570556640625,77.19482421875,0,4.66668701171875,127.242431640625,0,8.0,181.40911865234375,0,5.5,234.40911865234375,0,10.5,332.727294921875,0,11.7911376953125,427.83319091796875,0,-13.0,501.40911865234375,0,-47.5,572.4091186523438,0,-91.0,635.9091186523438,0,-174.5,696.4091186523438,0
0.0,0.0,0,1.5,77.5,0,4.125,127.5,0,7.61700439453125,181.5850830078125,0,5.5,234.5,0,10.5,333.5,0,11.8636474609375,428.3636474609375,0,-13.0,501.0,0,-48.0,571.5,0,-91.0,634.5,0,-173.25372314453125,696.2313537597656,0
0.0,0.0,0,1.0,77.5,0,4.5,127.81817626953125,0,7.611083984375,182.0,0,5.5,235.0,0,10.723388671875,333.074462890625,0,11.7086181640625,427.39404296875,0,-13.5,500.0,0,-48.0,570.0,0,-90.0,633.0,0,-170.7825927734375,694.7173767089844,0
0.0,0.0,0,1.75396728515625,77.0634765625,0,4.75396728515625,127.290771484375,0,7.75396728515625,181.5634765625,0,5.75396728515625,234.0634765625,0,10.97735595703125,332.637939453125,0,11.77569580078125,426.585205078125,0,-13.24603271484375,498.5634765625,0,-47.24603271484375,568.0634765625,0,-89.24603271484375,631.5634765625,0,-168.24603271484375,693.5634765625,0
0.0,0.0,0,1.76416015625,77.7264404296875,0,4.76416015625,126.8514404296875,0,8.26416015625,181.590087890625,0,5.76416015625,234.2264404296875,0,10.91632080078125,332.57427978515625,0,11.7347412109375,425.697021484375,0,-13.23583984375,497.7264404296875,0,-46.23583984375,567.2264404296875,0,-87.23583984375,630.2264404296875,0,-165.23583984375,693.7264404296875,0
0.0,0.0,0,1.726318359375,76.62103271484375,0,4.726318359375,126.84832763671875,0,8.226318359375,180.98468017578125,0,6.226318359375,234.12103271484375,0,10.87847900390625,331.9688720703125,0,11.748046875,425.14276123046875,0,-11.773681640625,496.12103271484375,0,-44.773681640625,565.1210327148438,0,-84.273681640625,628.6210327148438,0,-160.273681640625,693.1210327148438,0
0.0,0.0,0,1.75396728515625,77.5634765625,0,4.75396728515625,127.9134521484375,0,7.75396728515625,181.5634765625,0,5.75396728515625,234.5634765625,0,10.75396728515625,332.61346435546875,0,11.96258544921875,424.95751953125,0,-11.74603271484375,496.0634765625,0,-43.74603271484375,566.0634765625,0,-81.74603271484375,628.5634765625,0,-156.74603271484375,694.5634765625,0
0.0,0.0,0,1.26922607421875,77.40911865234375,0,4.5,127.227294921875,0,8.0,181.40911865234375,0,5.5,234.40911865234375,0,10.5,332.4591064453125,0,11.91668701171875,424.679931640625,0,-11.0,494.90911865234375,0,-42.0,564.4091186523438,0,-79.0,627.4091186523438,0,-152.5,694.4091186523438,0
0.0,0.0,0,1.5,77.22161865234375,0,4.5,127.227294921875,0,7.611083984375,181.40911865234375,0,5.5,234.40911865234375,0,10.5,332.47161865234375,0,11.91668701171875,424.679931640625,0,-10.5,494.40911865234375,0,-40.5,563.4091186523438,0,-76.5,627.4091186523438,0,-148.5,694.9091186523438,0
0.0,0.0,0,1.76922607421875,76.772705078125,0,5.0,126.59088134765625,0,8.111083984375,180.772705078125,0,6.5,233.272705078125,0,11.0,332.09088134765625,0,12.625,423.397705078125,0,-9.5,492.772705078125,0,-38.5,561.772705078125,0,-74.0,625.772705078125,0,-144.0,694.272705078125,0
0.0,0.0,0,1.49554443359375,77.12103271484375,0,4.70458984375,126.92535400390625,0,8.226318359375,181.12103271484375,0,5.726318359375,234.12103271484375,0,10.726318359375,332.439208984375,0,12.57562255859375,423.0799560546875,0,-9.773681640625,493.12103271484375,0,-37.273681640625,561.1210327148438,0,-71.273681640625,625.1210327148438,0,-140.273681640625,695.1210327148438,0
0.0,0.0,0,1.26922607421875,77.8636474609375,0,4.5,128.213623046875,0,8.0,182.3636474609375,0,5.5,234.3636474609375,0,10.723388671875,332.9381103515625,0,12.125,423.4886474609375,0,-9.0,493.3636474609375,0,-36.0,560.8636474609375,0,-69.5,624.8636474609375,0,-136.5,695.3636474609375,0
0.0,0.0,0,1.75396728515625,77.0634765625,0,4.75396728515625,126.6884765625,0,8.25396728515625,182.0634765625,0,5.75396728515625,234.0634765625,0,10.9061279296875,332.41131591796875,0,12.94964599609375,422.7591552734375,0,-7.74603271484375,491.0634765625,0,-34.74603271484375,560.5634765625,0,-66.24603271484375,623.5634765625,0,-132.24603271484375,695.0634765625,0
0.0,0.0,0,1.75396728515625,77.3759765625,0,4.75396728515625,127.38165283203125,0,7.86505126953125,181.5634765625,0,6.25396728515625,234.0634765625,0,10.75396728515625,332.61346435546875,0,12.75396728515625,422.5634765625,0,-6.74603271484375,490.5634765625,0,-33.24603271484375,559.5634765625,0,-63.74603271484375,622.5634765625,0,-128.24603271484375,694.5634765625,0
0.0,0.0,0,1.26922607421875,77.40911865234375,0,4.5,127.227294921875,0,8.0,181.40911865234375,0,5.5,234.40911865234375,0,10.5,332.727294921875,0,12.75494384765625,422.339599609375,0,-7.0,490.40911865234375,0,-32.0,558.4091186523438,0,-61.5,621.9091186523438,0,-125.0,694.9091186523438,0
0.0,0.0,0,1.75396728515625,77.2135009765625,0,4.75396728515625,127.290771484375,0,8.1483154296875,181.3310546875,0,6.25396728515625,234.0634765625,0,10.9061279296875,332.41131591796875,0,13.170654296875,421.83428955078125,0,-5.74603271484375,489.0634765625,0,-30.74603271484375,558.0634765625,0,-59.24603271484375,621.0634765625,0,-120.24603271484375,694.0634765625,0
0.0,0.0,0,1.5,77.5,0,4.5,127.727294921875,0,7.66387939453125,181.600830078125,0,5.5,234.5,0,10.5,333.0,0,13.13580322265625,421.54937744140625,0,-5.5,489.5,0,-29.69232177734375,557.4230651855469,0,-57.5,620.5,0,-117.5,694.5,0
0.0,0.0,0,1.76416015625,77.2264404296875,0,4.76416015625,127.4537353515625,0,8.26416015625,181.590087890625,0,6.26416015625,234.2264404296875,0,11.26416015625,332.2264404296875,0,13.785888671875,420.7481689453125,0,-4.73583984375,488.2264404296875,0,-27.73583984375,555.7264404296875,0,-54.73583984375,618.7264404296875,0,-113.23583984375,693.7264404296875,0
0.0,0.0,0,1.76416015625,77.7264404296875,0,4.76416015625,126.8514404296875,0,8.26416015625,181.7264404296875,0,6.26416015625,234.2264404296875,0,11.26416015625,332.2264404296875,0,13.785888671875,420.7481689453125,0,-4.23583984375,487.2264404296875,0,-26.73583984375,555.2264404296875,0,-52.23583984375,618.2264404296875,0,-110.015869140625,693.9464416503906,0
0.0,0.0,0,1.59088134765625,77.90911865234375,0,4.5,128.0,0,8.0,181.8636474609375,0,6.0,234.5,0,11.0,332.5,0,13.25,420.75,0,-4.5,487.5,0,-26.0,555.0,0,-50.5,617.5,0,-106.5,693.5,0
0.0,0.0,0,1.76416015625,77.50421142578125,0,5.26416015625,127.590087890625,0,8.26416015625,181.590087890625,0,6.26416015625,234.2264404296875,0,11.26416015625,332.2264404296875,0,13.85992431640625,420.0775146484375,0,-3.23583984375,486.2264404296875,0,-24.23583984375,553.7264404296875,0,-48.23583984375,616.2264404296875,0,-102.73583984375,692.7264404296875,0
0.0,0.0,0,1.5,77.77777099609375,0,4.5,127.40911865234375,0,8.0,181.28570556640625,0,6.0,234.5,0,10.5,332.70831298828125,0,13.79998779296875,419.29998779296875,0,-2.5,485.5,0,-23.0,552.5,0,-46.5,615.0,0,-100.0,692.5,0
0.0,0.0,0,1.5,77.77777099609375,0,4.5,127.6868896484375,0,8.0,182.14141845703125,0,6.0,234.77777099609375,0,10.5,332.986083984375,0,13.91668701171875,419.548583984375,0,-2.5,484.77777099609375,0,-22.0,551.7777709960938,0,-45.0,614.2777709960938,0,-96.5,692.2777709960938,0
0.0,0.0,0,1.2174072265625,77.7825927734375,0,5.0,128.3636474609375,0,7.55999755859375,181.8599853515625,0,5.5,235.0,0,10.5,333.227294921875,0,13.79998779296875,418.79998779296875,0,-2.0,485.0,0,-21.5,551.5,0,-43.0,613.5,0,-93.5,692.5,0
0.0,0.0,0,1.76416015625,77.40826416015625,0,4.76416015625,127.1014404296875,0,8.12225341796875,181.278076171875,0,5.76416015625,234.2264404296875,0,11.26416015625,332.2264404296875,0,14.557373046875,417.82855224609375,0,-0.73583984375,483.2264404296875,0,-19.73583984375,549.7264404296875,0,-40.73583984375,612.2264404296875,0,-89.73583984375,690.2264404296875,0
0.0,0.0,0,1.75396728515625,77.15435791015625,0,4.75396728515625,126.6019287109375,0,7.81396484375,180.9234619140625,0,5.75396728515625,234.0634765625,0,10.75396728515625,332.290771484375,0,14.77569580078125,417.585205078125,0,-0.74603271484375,482.5634765625,0,-18.74603271484375,549.0634765625,0,-38.24603271484375,611.5634765625,0,-86.74603271484375,690.0634765625,0
0.0,0.0,0,1.5,77.8485107421875,0,4.5,128.16668701171875,0,7.85809326171875,181.71832275390625,0,5.5,234.66668701171875,0,11.0,332.66668701171875,0,14.293212890625,417.268798828125,0,-0.5,482.66668701171875,0,-18.0,549.1666870117188,0,-37.0,610.6666870117188,0,-84.0,690.1666870117188,0
0.0,0.0,0,1.2174072265625,76.7825927734375,0,4.96051025390625,126.78289794921875,0,8.0,181.5,0,6.0,234.0,0,10.5,332.227294921875,0,14.27117919921875,416.93218994140625,0,0.0,481.0,0,-17.0,547.5,0,-35.0,609.0,0,-81.0,688.5,0
0.0,0.0,0,1.5,77.66668701171875,0,5.0,128.03033447265625,0,8.0,181.66668701171875,0,5.5,234.66668701171875,0,10.5,332.89398193359375,0,14.83721923828125,416.94573974609375,0,0.0,481.66668701171875,0,-15.5,547.1666870117188,0,-33.5,608.6666870117188,0,-78.0,688.1666870117188,0
0.0,0.0,0,1.0,77.647705078125,0,4.5,126.92657470703125,0,7.5,181.772705078125,0,5.0,235.272705078125,0,10.0,333.0,0,14.29998779296875,416.57269287109375,0,0.5,480.772705078125,0,-15.5,546.272705078125,0,-32.5,607.772705078125,0,-75.5,687.772705078125,0
0.0,0.0,0,0.77117919921875,77.70489501953125,0,4.0,127.647705078125,0,7.2396240234375,181.86737060546875,0,5.0,234.772705078125,0,10.0,333.0,0,14.29998779296875,416.57269287109375,0,0.5,480.772705078125,0,-14.5,545.272705078125,0,-30.5,607.272705078125,0,-72.5,686.272705078125,0
0.0,0.0,0,1.5,77.54168701171875,0,4.5,127.20513916015625,0,7.55999755859375,181.52667236328125,0,5.5,234.66668701171875,0,10.5,332.875,0,14.5,417.66668701171875,0,1.5,479.66668701171875,0,-13.5,544.6666870117188,0,-29.0,606.1666870117188,0,-69.5,686.1666870117188,0
0.0,0.0,0,1.0,77.95452880859375,0,4.0,127.3111572265625,0,7.2396240234375,181.86737060546875,0,5.0,234.772705078125,0,10.0,333.0,0,14.2608642578125,416.816162109375,0,1.0,479.772705078125,0,-13.0,544.272705078125,0,-27.0,605.272705078125,0,-67.5,685.272705078125,0
0.0,0.0,0,1.42132568359375,77.99078369140625,0,4.42132568359375,127.6839599609375,0,7.7794189453125,181.860595703125,0,5.42132568359375,234.8089599609375,0,10.92132568359375,332.8089599609375,0,14.682373046875,416.15411376953125,0,2.42132568359375,478.8089599609375,0,-11.57867431640625,543.8089599609375,0,-26.07867431640625,604.8089599609375,0,-64.57867431640625,684.8089599609375,0
0.0,0.0,0,1.2396240234375,77.86737060546875,0,4.36505126953125,127.0303955078125,0,7.35809326171875,181.8243408203125,0,5.5,235.272705078125,0,10.0,332.98101806640625,0,14.7418212890625,416.145263671875,0,2.0,478.272705078125,0,-11.0,542.772705078125,0,-24.5,603.272705078125,0,-62.5,683.772705078125,0
0.0,0.0,0,1.75396728515625,77.0634765625,0,4.75396728515625,127.290771484375,0,8.1483154296875,181.3310546875,0,5.75396728515625,234.0634765625,0,10.75396728515625,332.5634765625,0,15.49365234375,415.46844482421875,0,2.75396728515625,477.5634765625,0,-9.74603271484375,542.0634765625,0,-22.74603271484375,602.0634765625,0,-59.24603271484375,683.0634765625,0
0.0,0.0,0,1.75396728515625,77.5634765625,0,4.75396728515625,127.290771484375,0,8.25396728515625,181.5634765625,0,6.25396728515625,234.0634765625,0,10.75396728515625,332.290771484375,0,15.25396728515625,415.5634765625,0,3.25396728515625,477.0634765625,0,-8.74603271484375,541.0634765625,0,-21.24603271484375,601.0634765625,0,-56.74603271484375,682.0634765625,0
0.0,0.0,0,1.42132568359375,78.3089599609375,0,4.42132568359375,127.71807861328125,0,7.92132568359375,182.408935546875,0,5.92132568359375,234.8089599609375,0,10.42132568359375,333.01727294921875,0,14.92132568359375,415.8089599609375,0,3.42132568359375,477.3089599609375,0,-8.07867431640625,540.8089599609375,0,-20.07867431640625,600.8089599609375,0,-54.57867431640625,681.8089599609375,0
0.0,0.0,0,1.5,78.0,0,4.5,127.79998779296875,0,8.0,181.9000244140625,0,5.5,234.5,0,10.5,333.31817626953125,0,15.28570556640625,414.78570556640625,0,4.0,477.0,0,-7.5,540.0,0,-19.0,600.5,0,-52.5,681.0,0
0.0,0.0,0,1.0,76.90911865234375,0,4.478271484375,127.21343994140625,0,8.0,181.40911865234375,0,6.0,233.90911865234375,0,10.5,332.727294921875,0,15.66668701171875,414.5758056640625,0,4.5,475.90911865234375,0,-6.5,538.9091186523438,0,-18.0,598.9091186523438,0,-50.0,679.9091186523438,0
0.0,0.0,0,1.0,76.90911865234375,0,4.5,127.227294921875,0,7.5,181.40911865234375,0,5.5,234.40911865234375,0,10.5,332.727294921875,0,15.7911376953125,413.83319091796875,0,5.0,475.40911865234375,0,-6.0,538.9091186523438,0,-15.5,597.9091186523438,0,-47.5,678.9091186523438,0
0.0,0.0,0,1.51202392578125,76.90673828125,0,4.70458984375,126.92535400390625,0,8.226318359375,181.12103271484375,0,5.726318359375,234.12103271484375,0,10.726318359375,332.439208984375,0,16.0174560546875,413.54510498046875,0,5.226318359375,474.62103271484375,0,-5.273681640625,537.6210327148438,0,-14.273681640625,597.1210327148438,0,-45.273681640625,677.6210327148438,0
0.0,0.0,0,1.73681640625,77.28619384765625,0,4.73681640625,127.20098876953125,0,7.847900390625,181.47369384765625,0,5.73681640625,234.47369384765625,0,10.73681640625,332.7918701171875,0,15.73681640625,413.7918701171875,0,5.23681640625,474.47369384765625,0,-4.26318359375,537.4736938476562,0,-13.26318359375,595.9736938476562,0,-43.26318359375,676.9736938476562,0
0.0,0.0,0,1.26922607421875,77.40911865234375,0,4.5,127.75909423828125,0,8.0,181.40911865234375,0,5.5,234.40911865234375,0,10.723388671875,332.48358154296875,0,15.7911376953125,412.83319091796875,0,5.0,474.40911865234375,0,-4.0,536.4091186523438,0,-12.5,595.4091186523438,0,-42.0,676.4091186523438,0
0.0,0.0,0,1.0,77.5,0,4.5,127.81817626953125,0,8.0,182.0,0,5.5,235.0,0,10.5,333.31817626953125,0,15.7911376953125,413.424072265625,0,5.5,474.5,0,-3.0,536.5,0,-11.5,595.0,0,-40.0,676.0,0
0.0,0.0,0,1.76416015625,77.7264404296875,0,4.742431640625,127.53076171875,0,8.26416015625,181.7264404296875,0,6.26416015625,234.2264404296875,0,10.76416015625,333.04461669921875,0,16.0552978515625,413.1505126953125,0,6.26416015625,473.7264404296875,0,-2.73583984375,535.7264404296875,0,-10.23583984375,594.2264404296875,0,-38.23583984375,675.7264404296875,0
0.0,0.0,0,1.5,77.22161865234375,0,4.98321533203125,126.74102783203125,0,8.0,181.90911865234375,0,5.5,233.90911865234375,0,10.723388671875,332.48358154296875,0,15.7911376953125,412.83319091796875,0,6.0,472.90911865234375,0,-2.0,534.4091186523438,0,-9.5,592.9091186523438,0,-36.5,674.4091186523438,0
0.0,0.0,0,1.26922607421875,77.40911865234375,0,4.66668701171875,127.242431640625,0,7.611083984375,181.40911865234375,0,5.5,233.90911865234375,0,10.723388671875,332.48358154296875,0,15.5,412.727294921875,0,6.0,472.40911865234375,0,-1.5,533.9091186523438,0,-8.5,592.4091186523438,0,-34.5,673.4091186523438,0
0.0,0.0,0,1.5,77.05914306640625,0,4.0,127.30914306640625,0,7.66387939453125,181.00994873046875,0,5.5,233.90911865234375,0,10.723388671875,332.48358154296875,0,15.5,412.90911865234375,0,6.0,472.40911865234375,0,-1.0,532.9091186523438,0,-7.5,591.4091186523438,0,-32.5,672.4091186523438,0
0.0,0.0,0,1.30230712890625,76.9788818359375,0,4.5,127.40911865234375,0,8.0,181.90911865234375,0,5.5,233.90911865234375,0,10.723388671875,332.48358154296875,0,15.75494384765625,412.339599609375,0,7.0,471.40911865234375,0,-0.5,532.4091186523438,0,-6.5,590.4091186523438,0,-31.0,671.9091186523438,0
0.0,0.0,0,1.5,77.242431640625,0,4.5,127.13641357421875,0,7.611083984375,181.40911865234375,0,5.5,234.40911865234375,0,10.5,332.727294921875,0,16.0,412.27276611328125,0,7.0,471.40911865234375,0,0.5,532.4091186523438,0,-5.5,590.4091186523438,0,-28.5,671.4091186523438,0
0.0,0.0,0,1.5,77.40911865234375,0,4.5,127.13641357421875,0,8.0,181.27276611328125,0,6.0,234.40911865234375,0,10.5,332.4591064453125,0,16.0,411.5758056640625,0,7.5,470.90911865234375,0,0.5,531.9091186523438,0,-5.0,589.4091186523438,0,-27.5,670.4091186523438,0
0.0,0.0,0,1.0,77.3636474609375,0,4.5,127.68182373046875,0,7.5,182.3636474609375,0,5.5,234.8636474609375,0,10.5,333.18182373046875,0,15.66668701171875,413.03033447265625,0,7.5,471.3636474609375,0,1.0,531.8636474609375,0,-4.0,588.8636474609375,0,-26.5,670.3636474609375,0
0.0,0.0,0,1.5,77.40911865234375,0,4.5,127.227294921875,0,8.0,181.40911865234375,0,5.0,233.90911865234375,0,10.5,332.90911865234375,0,15.75494384765625,412.339599609375,0,7.0,470.90911865234375,0,1.5,530.9091186523438,0,-3.0,588.4091186523438,0,-25.0,668.9091186523438,0
0.0,0.0,0,1.5,78.0,0,4.5999755859375,127.9000244140625,0,8.0,182.5,0,5.5,235.0,0,10.5,333.31817626953125,0,15.75494384765625,412.93048095703125,0,7.5,471.0,0,2.0,531.5,0,-2.5,588.5,0,-23.0,669.5,0
0.0,0.0,0,1.5,77.8125,0,4.5,128.3499755859375,0,8.0,182.5,0,6.0,235.0,0,10.5,333.31817626953125,0,15.5,412.31817626953125,0,8.0,471.0,0,1.75494384765625,530.9304504394531,0,-2.0,588.0,0,-22.5,668.5,0
0.0,0.0,0,1.70941162109375,77.4398193359375,0,4.70941162109375,127.6671142578125,0,7.873291015625,181.5406494140625,0,5.70941162109375,234.4398193359375,0,10.70941162109375,332.9398193359375,0,16.20941162109375,412.076171875,0,7.70941162109375,470.4398193359375,0,2.20941162109375,530.4398193359375,0,-1.29058837890625,586.9398193359375,0,-21.79058837890625,667.9398193359375,0
0.0,0.0,0,1.5,77.8125,0,4.5,128.0,0,8.0,182.5,0,6.0,235.0,0,10.15911865234375,332.8863525390625,0,15.5,412.0,0,7.5,470.5,0,2.1944580078125,530.0833435058594,0,-1.0,586.0,0,-20.5,666.5,0
0.0,0.0,0,1.57867431640625,77.8089599609375,0,4.57867431640625,128.0362548828125,0,8.07867431640625,182.172607421875,0,5.8094482421875,235.3089599609375,0,10.81201171875,333.54229736328125,0,16.07867431640625,412.4453125,0,8.07867431640625,470.3089599609375,0,2.57867431640625,529.8089599609375,0,-0.42132568359375,586.3089599609375,0,-18.92132568359375,666.8089599609375,0
0.0,0.0,0,1.57623291015625,77.169677734375,0,4.76416015625,127.7264404296875,0,7.92803955078125,181.3272705078125,0,6.26416015625,234.7264404296875,0,10.76416015625,332.7264404296875,0,16.5059814453125,411.5989990234375,0,7.76416015625,469.7264404296875,0,3.01910400390625,528.6568908691406,0,0.76416015625,584.7264404296875,0,-17.73583984375,665.2264404296875,0
0.0,0.0,0,1.5,77.5,0,4.5,127.727294921875,0,8.0,181.8636474609375,0,6.0,235.0,0,10.15911865234375,332.8863525390625,0,15.5,412.0,0,8.0,469.5,0,3.5,528.5,0,1.0,584.0,0,-16.5,664.5,0
0.0,0.0,0,1.76416015625,77.2264404296875,0,4.76416015625,127.4537353515625,0,8.26416015625,181.590087890625,0,6.26416015625,234.7264404296875,0,10.42327880859375,332.61279296875,0,16.26416015625,411.7264404296875,0,9.26416015625,468.7264404296875,0,4.26416015625,528.2264404296875,0,1.76416015625,583.7264404296875,0,-15.23583984375,664.2264404296875,0
0.0,0.0,0,1.5,77.5,0,4.5,127.727294921875,0,8.0,181.8636474609375,0,6.0,235.0,0,10.15911865234375,332.8863525390625,0,15.5,412.0,0,8.5,469.0,0,4.0,527.8636474609375,0,1.5,583.5,0,-14.5,663.5,0
0.0,0.0,0,1.57867431640625,77.958984375,0,4.57867431640625,128.3089599609375,0,8.07867431640625,182.3089599609375,0,6.07867431640625,235.3089599609375,0,10.23779296875,333.1953125,0,16.07867431640625,411.8089599609375,0,8.57867431640625,469.3089599609375,0,4.57867431640625,527.8089599609375,0,3.07867431640625,583.3089599609375,0,-13.42132568359375,663.3089599609375,0
0.0,0.0,0,2.0,77.125,0,5.0,127.352294921875,0,8.5,181.4886474609375,0,6.5,234.625,0,10.65911865234375,332.5113525390625,0,16.5,411.125,0,9.0,468.125,0,5.5,526.4886474609375,0,4.0,582.125,0,-12.0,662.125,0
0.0,0.0,0,1.76416015625,77.2264404296875,0,4.76416015625,127.4537353515625,0,8.26416015625,182.2264404296875,0,6.26416015625,234.7264404296875,0,10.42327880859375,332.61279296875,0,16.26416015625,411.2264404296875,0,9.26416015625,467.7264404296875,0,5.01910400390625,526.6568908691406,0,4.26416015625,581.7264404296875,0,-11.23583984375,662.2264404296875,0
0.0,0.0,0,1.73681640625,77.12371826171875,0,4.73681640625,127.47369384765625,0,8.23681640625,181.97369384765625,0,6.23681640625,234.47369384765625,0,10.97015380859375,332.70703125,0,16.23681640625,410.97369384765625,0,9.23681640625,467.47369384765625,0,5.73681640625,525.7918701171875,0,4.73681640625,580.9736938476562,0,-10.26318359375,660.9736938476562,0
0.0,0.0,0,1.5,77.6500244140625,0,4.5,127.727294921875,0,8.0,181.8636474609375,0,5.5,234.5,0,10.73333740234375,333.23333740234375,0,16.0,411.5,0,9.0,468.0,0,5.75494384765625,525.9304504394531,0,5.0,581.0,0,-9.5,661.0,0
0.0,0.0,0,1.5,76.90911865234375,0,4.5,127.13641357421875,0,8.0,181.27276611328125,0,6.0,234.40911865234375,0,10.5,332.727294921875,0,16.0,410.242431640625,0,9.0,467.40911865234375,0,6.0,525.2727661132812,0,6.0,579.4091186523438,0,-8.5,659.9091186523438,0
0.0,0.0,0,1.5,77.6500244140625,0,4.5,128.0,0,8.0,181.8636474609375,0,6.0,235.0,0,10.73333740234375,333.23333740234375,0,16.2603759765625,410.59466552734375,0,9.0,467.0,0,6.0,525.1000061035156,0,6.0,580.0,0,-7.5,660.0,0
0.0,0.0,0,1.5,77.22161865234375,0,4.5,127.75909423828125,0,8.0,181.90911865234375,0,5.5,234.40911865234375,0,10.15911865234375,332.29547119140625,0,16.2603759765625,410.0037841796875,0,9.5,466.90911865234375,0,6.33331298828125,524.5757751464844,0,6.5,578.9091186523438,0,-6.0,658.4091186523438,0
0.0,0.0,0,1.57183837890625,77.2264404296875,0,4.76416015625,127.4537353515625,0,8.26416015625,182.2264404296875,0,5.76416015625,234.2264404296875,0,10.42327880859375,332.61279296875,0,16.0552978515625,410.1505126953125,0,9.76416015625,466.7264404296875,0,7.01910400390625,524.6568908691406,0,7.26416015625,578.7264404296875,0,-5.46661376953125,658.7264404296875,0
0.0,0.0,0,1.5,77.22161865234375,0,4.5,127.13641357421875,0,8.0,181.27276611328125,0,6.0,234.40911865234375,0,10.73333740234375,332.6424560546875,0,16.0,409.90911865234375,0,9.0,466.40911865234375,0,7.0,523.9091186523438,0,7.5,577.9091186523438,0,-5.0,657.9091186523438,0
0.0,0.0,0,1.73681640625,77.12371826171875,0,4.73681640625,127.20098876953125,0,8.23681640625,181.97369384765625,0,5.73681640625,234.47369384765625,0,10.73681640625,332.7918701171875,0,16.23681640625,409.97369384765625,0,9.73681640625,465.97369384765625,0,7.23681640625,523.4736938476562,0,8.73681640625,577.4736938476562,0,-3.49395751953125,657.4736938476562,0
0.0,0.0,0,1.523193359375,77.5634765625,0,5.25396728515625,127.4635009765625,0,8.25396728515625,182.0634765625,0,5.75396728515625,234.5634765625,0,10.9873046875,332.79681396484375,0,16.25396728515625,410.0634765625,0,10.25396728515625,465.5634765625,0,7.75396728515625,523.5634765625,0,9.25396728515625,577.5634765625,0,-2.24603271484375,657.0634765625,0
0.0,0.0,0,1.73681640625,76.97369384765625,0,4.73681640625,127.47369384765625,0,8.23681640625,181.33734130859375,0,6.23681640625,234.47369384765625,0,10.73681640625,332.7918701171875,0,16.23681640625,409.97369384765625,0,10.23681640625,465.47369384765625,0,8.04632568359375,523.1641845703125,0,9.73681640625,576.9736938476562,0,-2.26318359375,656.9736938476562,0
0.0,0.0,0,1.26922607421875,78.0,0,5.0,127.9000244140625,0,7.66387939453125,181.600830078125,0,5.5,235.0,0,10.5,333.31817626953125,0,16.5,410.0,0,10.0,466.0,0,8.0,522.8636474609375,0,9.5,577.5,0,-1.5,657.0,0
0.0,0.0,0,1.73681640625,77.47369384765625,0,4.73681640625,127.20098876953125,0,8.23681640625,181.47369384765625,0,6.23681640625,234.47369384765625,0,10.39593505859375,332.36004638671875,0,16.73681640625,409.47369384765625,0,10.23681640625,465.47369384765625,0,8.73681640625,522.7918701171875,0,9.73681640625,576.4736938476562,0,-0.26318359375,655.9736938476562,0
0.0,0.0,0,1.73681640625,77.25146484375,0,4.73681640625,127.20098876953125,0,8.23681640625,181.47369384765625,0,6.23681640625,234.97369384765625,0,10.97015380859375,332.70703125,0,16.73681640625,409.47369384765625,0,10.23681640625,465.47369384765625,0,8.46759033203125,522.2044677734375,0,10.23681640625,575.4736938476562,0,-0.26318359375,655.4736938476562,0
0.0,0.0,0,1.73681640625,76.97369384765625,0,4.73681640625,127.20098876953125,0,8.23681640625,181.47369384765625,0,6.23681640625,234.47369384765625,0,10.73681640625,332.47369384765625,0,16.73681640625,409.47369384765625,0,10.23681640625,465.47369384765625,0,9.23681640625,522.273681640625,0,10.73681640625,575.4736938476562,0,0.73681640625,654.9736938476562,0
0.0,0.0,0,2.0,77.4375,0,5.0,127.352294921875,0,8.5,181.4886474609375,0,6.5,234.625,0,11.0,332.625,0,17.0,409.625,0,10.5,465.125,0,9.0,521.625,0,11.0,575.125,0,1.5,655.125,0
0.0,0.0,0,1.70941162109375,77.9398193359375,0,4.70941162109375,127.6671142578125,0,8.20941162109375,181.9398193359375,0,5.940185546875,234.9398193359375,0,10.70941162109375,332.9398193359375,0,15.96435546875,409.87030029296875,0,10.20941162109375,464.9398193359375,0,9.20941162109375,521.9398193359375,0,10.70941162109375,575.4398193359375,0,1.70941162109375,654.4398193359375,0
0.0,0.0,0,1.5,77.5,0,4.5,127.727294921875,0,8.0,182.5,0,6.0,235.0,0,10.5,333.0,0,16.5,410.0,0,10.0,465.5,0,9.24505615234375,521.9304504394531,0,11.0,575.0,0,2.0,655.0,0
0.0,0.0,0,1.75396728515625,77.0634765625,0,4.75396728515625,127.5634765625,0,8.25396728515625,182.0634765625,0,6.25396728515625,234.5634765625,0,10.75396728515625,332.88165283203125,0,16.75396728515625,409.5634765625,0,10.25396728515625,465.0634765625,0,9.5872802734375,521.7301330566406,0,11.25396728515625,574.5634765625,0,2.25396728515625,653.5634765625,0
0.0,0.0,0,1.76416015625,77.2264404296875,0,4.76416015625,127.4537353515625,0,8.26416015625,181.7264404296875,0,6.26416015625,234.7264404296875,0,10.42327880859375,332.61279296875,0,16.76416015625,409.7264404296875,0,10.76416015625,464.7264404296875,0,9.76416015625,521.2264404296875,0,11.76416015625,574.2264404296875,0,3.26416015625,653.7264404296875,0
0.0,0.0,0,2.0,77.2750244140625,0,5.0,127.352294921875,0,8.5,181.4886474609375,0,6.5,234.625,0,11.23333740234375,332.85833740234375,0,16.69049072265625,409.31549072265625,0,11.0,464.625,0,10.0,521.125,0,12.5,574.125,0,4.0,653.125,0
0.0,0.0,0,1.73681640625,76.97369384765625,0,5.23681640625,127.37371826171875,0,8.23681640625,181.97369384765625,0,6.23681640625,234.47369384765625,0,10.73681640625,332.47369384765625,0,16.42730712890625,409.1641845703125,0,10.73681640625,464.47369384765625,0,10.23681640625,520.4736938476562,0,12.23681640625,573.4736938476562,0,3.73681640625,652.9736938476562,0
0.0,0.0,0,1.57867431640625,77.8089599609375,0,4.57867431640625,128.0362548828125,0,8.07867431640625,182.8089599609375,0,6.07867431640625,235.3089599609375,0,10.81201171875,333.54229736328125,0,16.57867431640625,409.8089599609375,0,10.57867431640625,465.3089599609375,0,10.07867431640625,521.3089599609375,0,12.57867431640625,573.8089599609375,0,4.57867431640625,653.3089599609375,0
0.0,0.0,0,1.26922607421875,78.0,0,4.5,128.3499755859375,0,8.0,182.31817626953125,0,5.5,235.0,0,10.5,333.31817626953125,0,16.5,409.5,0,11.0,464.5,0,10.0,520.8636474609375,0,13.0,573.5,0,5.5,653.0,0
0.0,0.0,0,1.5,77.6761474609375,0,4.5,127.8636474609375,0,8.0,182.3636474609375,0,6.0,234.8636474609375,0,10.5,333.18182373046875,0,16.5,409.3636474609375,0,11.0,464.3636474609375,0,10.0,520.727294921875,0,13.5,572.8636474609375,0,5.0,652.3636474609375,0
0.0,0.0,0,1.53399658203125,76.62103271484375,0,5.226318359375,127.02105712890625,0,8.226318359375,181.62103271484375,0,5.726318359375,234.12103271484375,0,10.94970703125,332.19549560546875,0,16.726318359375,408.62103271484375,0,11.226318359375,463.62103271484375,0,10.527099609375,519.7112731933594,0,13.226318359375,572.1210327148438,0,6.226318359375,651.6210327148438,0
0.0,0.0,0,1.76416015625,77.7264404296875,0,4.93084716796875,127.55975341796875,0,8.26416015625,181.7264404296875,0,5.94598388671875,234.7264404296875,0,10.76416015625,333.04461669921875,0,16.56494140625,409.316650390625,0,11.26416015625,464.2264404296875,0,10.26416015625,520.2264404296875,0,13.50384521484375,572.6314086914062,0,6.26416015625,652.2264404296875,0
0.0,0.0,0,1.0,77.5,0,5.0,127.9000244140625,0,8.0,182.5,0,5.5,235.0,0,10.73333740234375,333.23333740234375,0,16.19049072265625,409.69049072265625,0,11.0,464.5,0,10.0,520.1000061035156,0,13.5,572.9375,0,6.5,652.0,0
0.0,0.0,0,1.73681640625,77.28619384765625,0,4.73681640625,127.47369384765625,0,8.23681640625,181.97369384765625,0,5.73681640625,233.97369384765625,0,10.73681640625,332.97369384765625,0,16.73681640625,408.97369384765625,0,11.23681640625,463.97369384765625,0,10.23681640625,519.4736938476562,0,13.73681640625,571.9736938476562,0,6.73681640625,651.4736938476562,0
0.0,0.0,0,1.76416015625,77.7264404296875,0,4.88116455078125,127.3115234375,0,8.26416015625,182.2264404296875,0,5.76416015625,234.7264404296875,0,10.76416015625,333.04461669921875,0,16.26416015625,409.7264404296875,0,11.26416015625,464.2264404296875,0,10.99493408203125,519.7264404296875,0,14.50384521484375,571.6314086914062,0,7.26416015625,651.2264404296875,0
0.0,0.0,0,1.30767822265625,77.5,0,4.66668701171875,127.83331298828125,0,8.0,182.5,0,5.5,234.5,0,10.5,333.0,0,16.5,409.5,0,11.0,464.0,0,10.71429443359375,519.7857055664062,0,14.23968505859375,571.9049682617188,0,7.5,651.5,0
0.0,0.0,0,1.5,78.0,0,4.61700439453125,127.5850830078125,0,8.0999755859375,182.4000244140625,0,5.5,235.0,0,10.5,333.31817626953125,0,16.5,409.5,0,11.0,464.0,0,10.69921875,519.5902404785156,0,14.23968505859375,571.9049682617188,0,7.73077392578125,651.0,0
0.0,0.0,0,1.5,77.8125,0,5.0,127.9000244140625,0,8.0,182.5,0,5.5,235.0,0,10.5,333.31817626953125,0,16.5,409.5,0,11.5,464.0,0,10.80950927734375,519.6904907226562,0,14.5,571.9375,0,8.0,650.5,0
0.0,0.0,0,1.523193359375,77.5634765625,0,4.920654296875,127.39678955078125,0,8.56976318359375,181.7476806640625,0,5.75396728515625,234.5634765625,0,10.9873046875,332.79681396484375,0,16.25396728515625,409.5634765625,0,11.75396728515625,463.5634765625,0,11.0634765625,519.2539672851562,0,14.75396728515625,571.5009765625,0,8.75396728515625,650.5634765625,0
0.0,0.0,0,1.73681640625,76.97369384765625,0,4.73681640625,127.20098876953125,0,8.23681640625,181.47369384765625,0,6.23681640625,234.47369384765625,0,10.97015380859375,332.70703125,0,16.23681640625,408.97369384765625,0,11.23681640625,463.47369384765625,0,11.23681640625,518.4736938476562,0,14.73681640625,570.9736938476562,0,8.73681640625,649.9736938476562,0
0.0,0.0,0,1.5,77.8636474609375,0,4.61700439453125,127.44873046875,0,8.3157958984375,182.0478515625,0,5.5,234.8636474609375,0,10.5,333.18182373046875,0,16.5,408.8636474609375,0,11.0,463.3636474609375,0,11.0,518.8636474609375,0,15.0,570.8636474609375,0,9.0,650.3636474609375,0
0.0,0.0,0,1.26416015625,77.2264404296875,0,4.93084716796875,127.55975341796875,0,8.3641357421875,182.12646484375,0,5.76416015625,234.2264404296875,0,10.76416015625,333.04461669921875,0,16.26416015625,409.2264404296875,0,11.26416015625,463.2264404296875,0,11.26416015625,518.7264404296875,0,15.26416015625,570.7264404296875,0,9.76416015625,650.2264404296875,0
0.0,0.0,0,1.54217529296875,78.2100830078125,0,4.54217529296875,128.3975830078125,0,8.04217529296875,182.8975830078125,0,5.8338623046875,235.3975830078125,0,10.7755126953125,333.63092041015625,0,16.04217529296875,409.8975830078125,0,11.04217529296875,463.8975830078125,0,11.04217529296875,519.26123046875,0,15.04217529296875,571.3975830078125,0,9.54217529296875,650.8975830078125,0
0.0,0.0,0,1.76416015625,77.7264404296875,0,4.93084716796875,127.55975341796875,0,8.5799560546875,181.91064453125,0,5.76416015625,234.7264404296875,0,10.76416015625,333.04461669921875,0,16.76416015625,409.2264404296875,0,11.26416015625,463.2264404296875,0,11.76416015625,518.7264404296875,0,15.26416015625,570.6014404296875,0,9.76416015625,649.7264404296875,0
0.0,0.0,0,1.30767822265625,77.5,0,4.5,127.727294921875,0,8.0999755859375,182.4000244140625,0,5.5,234.5,0,10.5,333.31817626953125,0,16.0,409.5,0,11.5,463.5,0,11.2421875,518.890625,0,15.0,571.0,0,9.5,650.0,0
0.0,0.0,0,1.73681640625,76.97369384765625,0,4.73681640625,127.20098876953125,0,8.23681640625,181.47369384765625,0,6.23681640625,234.47369384765625,0,10.39593505859375,332.36004638671875,0,16.73681640625,408.47369384765625,0,11.73681640625,462.97369384765625,0,11.47576904296875,518.3188171386719,0,15.73681640625,569.9736938476562,0,9.73681640625,648.9736938476562,0
0.0,0.0,0,1.76416015625,77.7264404296875,0,5.26416015625,127.62646484375,0,8.3641357421875,182.12646484375,0,5.76416015625,234.7264404296875,0,10.76416015625,333.04461669921875,0,16.76416015625,409.2264404296875,0,11.26416015625,463.2264404296875,0,11.97845458984375,518.5121459960938,0,15.76416015625,570.2264404296875,0,10.26416015625,649.2264404296875,0
0.0,0.0,0,1.54888916015625,76.91693115234375,0,5.23681640625,127.37371826171875,0,8.23681640625,181.97369384765625,0,5.73681640625,234.47369384765625,0,10.73681640625,332.7918701171875,0,16.73681640625,408.97369384765625,0,11.23681640625,462.97369384765625,0,11.95111083984375,518.2593994140625,0,15.73681640625,569.9736938476562,0,9.73681640625,648.9736938476562,0
0.0,0.0,0,1.5,77.6500244140625,0,4.5,128.0,0,8.0,182.5,0,5.5,234.5,0,10.5,333.31817626953125,0,16.5,409.5,0,11.5,463.0,0,11.5,518.8333435058594,0,15.5,570.5,0,10.0,649.5,0
0.0,0.0,0,1.26922607421875,77.40911865234375,0,4.5,127.40911865234375,0,8.0999755859375,181.80914306640625,0,5.5,234.40911865234375,0,10.5,332.40911865234375,0,16.5,408.40911865234375,0,11.5,462.40911865234375,0,11.5,518.0591125488281,0,15.5,569.9091186523438,0,10.0,648.9091186523438,0
0.0,0.0,0,1.53338623046875,77.7264404296875,0,4.76416015625,127.7264404296875,0,8.26416015625,182.2264404296875,0,5.76416015625,234.2264404296875,0,10.99749755859375,332.95977783203125,0,16.76416015625,408.7264404296875,0,11.76416015625,462.7264404296875,0,11.76416015625,518.3764343261719,0,15.76416015625,570.2264404296875,0,10.76416015625,649.2264404296875,0
0.0,0.0,0,1.5,77.5,0,4.5,127.727294921875,0,8.0,181.8636474609375,0,6.0,235.0,0,10.5,333.0,0,16.5,409.0,0,11.5,463.0,0,11.80950927734375,518.6904907226562,0,15.5,570.5,0,10.5,649.5,0
0.0,0.0,0,1.0,77.5,0,4.5,128.0,0,8.0999755859375,182.4000244140625,0,5.5,234.5,0,10.5,333.31817626953125,0,16.5,409.0,0,11.5,463.0,0,12.0,518.5,0,15.5,570.5,0,10.5,649.0,0
0.0,0.0,0,1.56646728515625,77.29620361328125,0,5.26416015625,127.62646484375,0,8.26416015625,182.2264404296875,0,6.05584716796875,234.7264404296875,0,10.76416015625,332.7264404296875,0,16.76416015625,408.7264404296875,0,11.76416015625,462.7264404296875,0,12.26416015625,518.2264404296875,0,15.76416015625,570.2264404296875,0,10.76416015625,648.2264404296875,0
0.0,0.0,0,1.26922607421875,78.0,0,4.61700439453125,127.5850830078125,0,8.0999755859375,182.4000244140625,0,5.5,235.0,0,10.5,333.31817626953125,0,16.5,409.0,0,11.5,463.0,0,12.0,518.5,0,16.0,570.0,0,10.5,648.5,0
0.0,0.0,0,1.73681640625,77.12371826171875,0,4.73681640625,127.20098876953125,0,8.23681640625,181.33734130859375,0,6.23681640625,234.47369384765625,0,10.73681640625,332.47369384765625,0,16.73681640625,408.47369384765625,0,11.73681640625,462.47369384765625,0,12.23681640625,517.6403503417969,0,15.73681640625,569.9736938476562,0,11.23681640625,648.4736938476562,0
0.0,0.0,0,1.5616455078125,77.0634765625,0,5.25396728515625,127.4635009765625,0,8.25396728515625,182.0634765625,0,5.75396728515625,234.5634765625,0,10.75396728515625,332.88165283203125,0,16.75396728515625,408.5634765625,0,11.75396728515625,462.5634765625,0,12.25396728515625,518.0634765625,0,15.97271728515625,569.5634765625,0,11.25396728515625,648.5634765625,0
0.0,0.0,0,1.0714111328125,76.6710205078125,0,5.0,127.30914306640625,0,8.0,181.90911865234375,0,5.5,233.90911865234375,0,10.0,332.54547119140625,0,16.5,408.40911865234375,0,11.5,462.40911865234375,0,12.0,517.9091186523438,0,15.71875,569.4091186523438,0,11.0,647.9091186523438,0
0.0,0.0,0,1.0,77.5,0,4.66668701171875,127.83331298828125,0,8.3157958984375,182.1842041015625,0,5.5,235.0,0,10.5,333.31817626953125,0,16.5,409.0,0,11.5,463.0,0,12.0,518.5,0,16.0,569.5,0,11.0,648.5,0
0.0,0.0,0,1.5,77.5,0,4.5,127.727294921875,0,8.0,181.8636474609375,0,5.5,234.5,0,10.5,333.5,0,16.5,409.0,0,11.5,463.0,0,12.0,518.1000061035156,0,15.71875,570.0,0,11.5,648.5,0
0.0,0.0,0,1.0,77.5,0,4.61700439453125,127.5850830078125,0,8.0,182.5,0,5.5,235.0,0,10.0,333.1363525390625,0,16.5,409.0,0,11.5,463.0,0,12.0,518.1666564941406,0,15.71875,570.0,0,11.0,648.5,0
0.0,0.0,0,1.364990234375,76.89031982421875,0,5.26416015625,127.62646484375,0,8.26416015625,182.2264404296875,0,5.76416015625,234.2264404296875,0,10.26416015625,332.86279296875,0,16.76416015625,408.7264404296875,0,11.76416015625,462.7264404296875,0,12.26416015625,518.2264404296875,0,16.76416015625,569.2264404296875,0,11.26416015625,648.2264404296875,0
0.0,0.0,0,1.57867431640625,78.1214599609375,0,4.57867431640625,128.3089599609375,0,8.07867431640625,182.8089599609375,0,5.57867431640625,234.8089599609375,0,10.57867431640625,333.62713623046875,0,16.57867431640625,409.3089599609375,0,11.57867431640625,463.3089599609375,0,12.07867431640625,518.172607421875,0,16.57867431640625,569.8089599609375,0,11.57867431640625,648.8089599609375,0
0.0,0.0,0,1.53338623046875,77.7264404296875,0,4.93084716796875,127.55975341796875,0,8.26416015625,181.7264404296875,0,5.94598388671875,234.7264404296875,0,10.76416015625,333.04461669921875,0,16.76416015625,408.7264404296875,0,11.76416015625,462.7264404296875,0,12.26416015625,517.7264404296875,0,16.76416015625,569.2264404296875,0,11.76416015625,648.2264404296875,0
0.0,0.0,0,1.30767822265625,77.5,0,4.5,128.0,0,8.0,182.5,0,5.5,234.5,0,10.5,333.5,0,16.5,409.0,0,11.5,463.0,0,12.0,518.0,0,16.0,570.0,0,11.5,648.5,0
0.0,0.0,0,1.76416015625,77.7264404296875,0,4.742431640625,127.53076171875,0,8.3641357421875,182.12646484375,0,5.76416015625,234.7264404296875,0,10.76416015625,333.04461669921875,0,16.76416015625,409.2264404296875,0,11.76416015625,462.7264404296875,0,12.26416015625,517.7264404296875,0,16.76416015625,569.2264404296875,0,11.76416015625,648.2264404296875,0
0.0,0.0,0,1.57183837890625,77.2264404296875,0,5.26416015625,127.62646484375,0,8.26416015625,182.2264404296875,0,6.26416015625,234.7264404296875,0,10.76416015625,332.7264404296875,0,16.76416015625,408.7264404296875,0,11.76416015625,462.7264404296875,0,12.26416015625,517.7264404296875,0,16.76416015625,569.2264404296875,0,11.76416015625,648.2264404296875,0
0.0,0.0,0,1.76416015625,77.37646484375,0,4.88116455078125,127.3115234375,0,8.26416015625,182.2264404296875,0,5.76416015625,234.7264404296875,0,10.76416015625,332.7264404296875,0,16.26416015625,408.590087890625,0,11.76416015625,462.7264404296875,0,12.26416015625,517.590087890625,0,16.76416015625,569.2264404296875,0,11.76416015625,648.2264404296875,0
0.0,0.0,0,1.57867431640625,78.1214599609375,0,4.57867431640625,128.0362548828125,0,8.07867431640625,182.408935546875,0,6.07867431640625,235.3089599609375,0,10.57867431640625,333.3089599609375,0,16.57867431640625,409.3089599609375,0,11.07867431640625,463.3089599609375,0,12.07867431640625,518.172607421875,0,16.57867431640625,569.8089599609375,0,11.8094482421875,648.3089599609375,0
0.0,0.0,0,1.76416015625,77.5389404296875,0,5.26416015625,127.62646484375,0,8.26416015625,182.2264404296875,0,5.76416015625,234.2264404296875,0,10.76416015625,333.04461669921875,0,16.76416015625,408.7264404296875,0,12.26416015625,462.2264404296875,0,12.26416015625,517.7264404296875,0,16.76416015625,569.2264404296875,0,12.26416015625,648.2264404296875,0
0.0,0.0,0,1.75396728515625,77.3759765625,0,4.75396728515625,127.5634765625,0,8.35394287109375,181.9635009765625,0,6.045654296875,234.5634765625,0,10.9873046875,332.79681396484375,0,16.75396728515625,408.5634765625,0,11.75396728515625,462.0634765625,0,12.25396728515625,517.5634765625,0,16.75396728515625,569.0634765625,0,11.9847412109375,647.5634765625,0
0.0,0.0,0,1.76416015625,77.2264404296875,0,4.76416015625,127.4537353515625,0,8.26416015625,181.590087890625,0,6.26416015625,234.7264404296875,0,10.76416015625,332.7264404296875,0,16.76416015625,408.92645263671875,0,11.76416015625,462.2264404296875,0,12.50921630859375,517.6568908691406,0,16.76416015625,569.2264404296875,0,11.76416015625,647.7264404296875,0
