TIME,M1-PL,M1-PR,M2-PL,M2-PR,M1X,M1Y,M2X,M2Y,M3X,M3Y,M4X,M4Y,M5X,M5Y,M6X,M6Y,M7X,M7Y,M8X,M8Y,M9X,M9Y,M10X,M10Y,M1-AL-IN,M1-AL-OUT,M1-AR-IN,M1-AR-OUT,M2-AL-IN,M2-AL-OUT,M2-AR-IN,M2-AR-OUT,ORIGX,ORIGY,TARGX,TARGY,XEEX,XEEY,ERRORX,ERRORY,RMSE,AMPCTIME
3766.403409494,101.409,100.353,101.528,100.822,0.03208350125205195,2.7842847135567226,0.06778020549449737,4.802387958306648,0.2742518180818134,6.797635858645172,0.1293586946421874,8.796484490018923,0.1099297755038473,12.47138213215242,0.11815073318820413,15.348802374185606,0.2844083006303433,17.313227678765767,0.3252786829266918,19.287167027602393,0.2614431976571048,21.351236224267286,0.35409054439967225,24.22381661045359,1.0,0.0,1.0,0.0,1.0,0.0,1.0,0.0,-1.8305113661918586,18.453718968070255,-7,29,0.35409054439967225,24.22381661045359,-7.354090544399672,4.776183389546411,8.768955211757426,203.42324999999994
3767.903257623,101.503,100.422,101.484,100.809,0.030723945724617785,2.796682723609477,0.0691799449291477,4.803622011666137,0.28593194044556713,6.790092918795789,0.13354116965145812,8.788383690431688,0.11909505500775142,12.479455883994792,0.11753792860317969,15.353528967600862,0.30098416235642955,17.310898191739224,0.337390782293006,19.28805284124674,0.26643269946960646,21.346399749388514,0.3631486668176642,24.2094644008343,0.0,0.0,1.0,0.0,1.0,0.0,1.0,0.0,-1.842218277827092,18.455575119561654,-7,29,0.3631486668176642,24.2094644008343,-7.363148666817664,4.7905355991657,8.784371896529235,0.0814589999997839
3768.404295234,101.59,100.834,101.572,100.984,0.03590432109638875,2.7923314176542267,0.05414781497189636,4.793455440564799,0.2794757260197316,6.771751166808832,0.13026283255451832,8.780877941231497,0.11939643431186386,12.481631536972419,0.10740488666719195,15.35276655929247,0.2725841859323983,17.308568704712677,0.3268358093312633,19.282812340679037,0.27230959589976544,21.36028369492482,0.36378826067416825,24.29412215177946,0.0,0.0,1.0,0.0,1.0,0.0,1.0,0.0,-1.8325540481419438,18.446602030202506,-7,29,0.36378826067416825,24.29412215177946,-7.363788260674168,4.705877848220538,8.739031060158526,0.09300000000012076
3768.906362048,101.54,101.209,101.684,101.084,0.03982894936769443,2.781258747099894,0.07072702535691389,4.796620026714077,0.3026685378005123,6.783523697761568,0.14075083233757169,8.810153744080363,0.10375819708744416,12.49770296887473,0.10764933876940819,15.368810943449915,0.29274311271846787,17.347573243292874,0.3373405524089843,19.328288052218323,0.30082677538650193,21.413741872167552,0.3762720611822157,24.44525903339404,1.0,0.0,1.0,0.0,1.0,0.0,1.0,0.0,-1.8335921324116542,18.445560692025186,-7,29,0.3762720611822157,24.44525903339404,-7.376272061182216,4.554740966605959,8.669201508412174,0.08883300000039895
3769.403551622,101.709,101.39,101.79,101.19,0.02332675813816576,2.7761162946073306,0.08267504043543838,4.794625255530235,0.29193943457417415,6.816525327465667,0.11639268724755736,8.873797087749033,0.10541243460112226,12.580663473829574,0.10682556867150939,15.441966640890989,0.29867693635051706,17.421109299646126,0.32087519642773454,19.44382418489563,0.28518853816209466,21.566331724826625,0.34126183202135874,24.609994168739778,0.0,0.0,1.0,0.0,1.0,0.0,1.0,0.0,-1.8266503624403052,18.440113952402882,-7,29,0.34126183202135874,24.609994168739778,-7.341261832021359,4.390005831260222,8.553728805894675,174.0193750000003
3769.903774603,101.822,101.603,101.822,101.315,0.03868035935314107,2.7975279656365313,0.09430828157410764,4.822521623390957,0.31951229224136957,6.9105331457140355,0.13452232671928455,8.97560818039112,0.11061290192649853,12.696285821193637,0.10202359175934594,15.589309231046144,0.29547226975014174,17.59843600546881,0.30577944195072493,19.62158196415211,0.2817829520256443,21.744324481366625,0.3321199931300032,24.79216495661948,1.0,0.0,1.0,0.0,1.0,0.0,1.0,0.0,-1.8351057262500787,18.46152900440019,-7,29,0.3321199931300032,24.79216495661948,-7.332119993130004,4.20783504338052,8.453748242404542,0.1129580000003294
3770.403109992,102.028,101.84,101.94,101.44,0.03950747810998334,2.7736989024099667,0.09714459569168743,4.813474152733422,0.33167797015064315,6.950445474231282,0.13349428842637368,8.995738464507314,0.08998516288958958,12.74438178301677,0.10359076414072343,15.653824864486726,0.28007513596901945,17.698840615377886,0.30857892082001936,19.742318025779817,0.23594985718827388,21.871739645492077,0.3055852197325246,24.98534502190149,1.0,1.0,1.0,0.0,1.0,0.0,1.0,0.0,-1.8337260787690397,18.441662435796434,-7,29,0.3055852197325246,24.98534502190149,-7.305585219732524,4.014654978098509,8.336008037180953,0.0699169999993643
3770.903317066,102.109,101.784,102.072,101.553,0.04235383820435579,2.796872057823535,0.10298465687356106,4.843341625001219,0.3365871041487123,7.043242905896916,0.14327906983316407,9.090446143154079,0.11316458003463947,12.855688324590721,0.10799425063966783,15.793883158852772,0.29598461456712855,17.852057637621026,0.297468070475136,19.916086262668625,0.19554158982489667,22.083853132179982,0.24803516728311492,25.18800870272699,0.0,1.0,1.0,1.0,0.0,0.0,1.0,1.0,-1.8367934503530985,18.432777251608094,-7,29,0.24803516728311492,25.18800870272699,-7.248035167283115,3.8119912972730106,8.189340109963558,0.10354199999973446
3771.403093232,102.015,102.165,102.022,101.647,0.025998987967955856,2.8002665498041672,0.08840459587247529,4.868509551598631,0.3337106061239228,7.061834849523889,0.15294329951831842,9.156973452619042,0.10259621243716022,12.913147877589505,0.08388725496975047,15.843551270846216,0.26019079921558275,17.948034869792426,0.28704704387077884,20.03675301445012,0.18719003444209803,22.205356673568254,0.21210405691525258,25.345206814917535,1.0,0.0,1.0,0.0,1.0,0.0,1.0,0.0,-1.8246445157385052,18.449448805349608,-7,29,0.21210405691525258,25.345206814917535,-7.212104056915253,3.6547931850824646,8.085292706729836,169.31612499999994
3771.905080936,101.903,102.278,102.047,101.915,0.040160466602217504,2.794643999840236,0.10495031966815116,4.890624463994335,0.3443392495822233,7.11896982958428,0.15609103891680376,9.177188260937944,0.10291768369487153,12.924477501720066,0.09357492526743472,15.914110384780201,0.2638240941595753,18.015627184211468,0.27830704405156714,20.076107483229514,0.15261847960165742,22.284430755682727,0.14518110810799567,25.419708982907704,1.0,0.0,1.0,0.0,1.0,0.0,1.0,0.0,-1.831442293375663,18.433318206505408,-7,29,0.14518110810799567,25.419708982907704,-7.1451811081079954,3.5802910170922964,7.99200205422491,0.07249999999991985
3772.404763657,102.284,102.472,102.165,101.872,0.05948222865465169,2.7916991766180015,0.12649559125313425,4.93170660747702,0.36291426069224775,7.1883642000049885,0.18065345220183016,9.26669601063431,0.1208899361966771,13.057341095951877,0.07596432793057528,16.039938184378855,0.2149236277381521,18.18394191954176,0.2132559955887372,20.283124160494317,0.09449580647444611,22.507246696917125,0.03720025210406441,25.64162305089924,0.0,0.0,1.0,0.0,1.0,0.0,1.0,0.0,-1.8392346227163965,18.436357696834676,-7,29,0.03720025210406441,25.64162305089924,-7.037200252104064,3.3583769491007587,7.797492104546488,0.07100000000015427
3772.906421657,102.228,102.647,102.265,102.009,0.055986228726969456,2.7876487768243816,0.11336884822964577,4.949791405887757,0.3625693488219881,7.238517480921962,0.17985312271646747,9.355131993440375,0.1156861202123638,13.12184827697219,0.06742859630636944,16.121896232289618,0.193123858074141,18.277860142135264,0.17999711505065874,20.40244190600064,0.034333800056080443,22.66443128523524,-0.04471129409429042,25.832004519829695,0.0,1.0,1.0,1.0,0.0,0.0,0.0,1.0,-1.836595879475961,18.430566098465338,-7,29,-0.04471129409429042,25.832004519829695,-6.955288705905709,3.1679954801703047,7.642789827339163,0.07504100000055303
3773.403515305,101.99,102.984,102.334,102.047,0.06342025156169395,2.7941436165602234,0.1352724263206253,4.949027307095298,0.3766504596418234,7.291365393421163,0.21289099176486603,9.37702038097283,0.10163179866400163,13.167902134057972,0.03549243604743313,16.207399225261824,0.15930240283504737,18.36784460833488,0.14480940696626265,20.49496547924951,0.00420591562181305,22.733979489704872,-0.08922501731144306,25.92406320996369,1.0,0.0,1.0,0.0,1.0,0.0,1.0,0.0,-1.836070140023231,18.432009771847536,-7,29,-0.08922501731144306,25.92406320996369,-6.910774982688557,3.075936790036309,7.564403347102328,150.99116699999993
3773.904345582,101.984,103.09,102.272,102.047,0.08703499436824202,2.804651665440497,0.15482859449847597,5.019605016353879,0.4155585278025189,7.363170394103017,0.2580141709081121,9.411756447316428,0.10905242686299577,13.219345254308216,0.013371195125717161,16.244559445739,0.1417252920875296,18.422335671334668,0.12672664871961992,20.549938330204714,-0.05101347020913538,22.8019994965896,-0.11735375236177248,25.99201137127612,0.0,0.0,1.0,0.0,1.0,0.0,0.0,0.0,-1.8471073198715562,18.432476345446467,-7,29,-0.11735375236177248,25.99201137127612,-6.8826462476382275,3.0079886287238793,7.511245899360554,0.07708299999986679
3774.40488523,102.034,103.34,102.503,102.09,0.07205979161286846,2.807826394494091,0.1457235908553931,5.033287794287746,0.38703799965683894,7.3932001528400075,0.21695626371143173,9.495705885442922,0.08408817450581929,13.322650734854127,-0.06895558478053054,16.35677884870217,0.031062160277009143,18.53569953200246,-0.06051696426543107,20.705533863511977,-0.17881838710568831,22.948228057753102,-0.30612770247992205,26.129588880292783,0.0,1.0,1.0,0.0,1.0,0.0,0.0,0.0,-1.8376507070403452,18.431401197588063,-7,29,-0.30612770247992205,26.129588880292783,-6.693872297520078,2.8704111197072173,7.2833499388430845,0.07875000000012733
3774.904285786,101.915,103.653,102.678,102.203,0.06701001393954531,2.8170631993656823,0.14370434951785627,5.06972110662166,0.41671381513494077,7.4423932388142475,0.2347008074056829,9.546149929617195,0.030566558754689943,13.349835408928072,-0.12916112376504962,16.43085247898462,-0.06559687986916463,18.62003778146139,-0.12087989021987156,20.771488098882596,-0.293161695085292,23.06155303728765,-0.3710983831283192,26.277185888298074,0.0,1.0,1.0,0.0,0.0,0.0,0.0,0.0,-1.829034607601713,18.43170210374969,-7,29,-0.3710983831283192,26.277185888298074,-6.628901616871681,2.7228141117019256,7.1663137897420555,0.07787499999878378
3775.408030637,101.709,103.997,102.634,102.197,0.05537342414193902,2.8311922650898307,0.14224433422238492,5.087978334405912,0.40306133265872246,7.498290784547043,0.2030961643812701,9.593020290501109,-0.04884019056060818,13.446551382631107,-0.23691761962036328,16.478652606098287,-0.1423782805797702,18.71131715844645,-0.2424395582034633,20.876996280150994,-0.40318188438037716,23.16222474367727,-0.5162727939184528,26.336100102825405,0.0,0.0,1.0,0.0,1.0,0.0,0.0,0.0,-1.8264862781525093,18.430735146870745,-7,29,-0.5162727939184528,26.336100102825405,-6.483727206081547,2.663899897174595,7.0096420126172525,210.03770899999984
3775.904897896,101.634,104.022,102.634,102.09,0.08737320892062717,2.823872469135585,0.15746064042103702,5.137002371974743,0.418220711655497,7.57482575961226,0.16734923025480875,9.680638079024993,-0.13124398962234496,13.536204513956122,-0.3823967583735406,16.559582839704156,-0.3313698935286624,18.794401068737244,-0.46970634277440904,20.983515370883744,-0.687399311451445,23.23200116349421,-0.8495715149934202,26.416023653177064,0.0,1.0,1.0,0.0,1.0,0.0,0.0,0.0,-1.8439796724266697,18.42926780671179,-7,29,-0.8495715149934202,26.416023653177064,-6.15042848500658,2.5839763468229364,6.6711846256958545,0.06983399999960227
3776.504809599,101.64,104.347,102.79,102.059,0.0497912096980242,2.8493953973843507,0.12389368326097783,5.190543382936127,0.35352796969866374,7.621124736885886,0.10879123146609326,9.761071310318952,-0.31699744938151353,13.576106699569042,-0.6550211282131491,16.66078704857082,-0.6687238405733829,18.921222872959703,-0.7804652405608299,21.10654372888881,-1.0309650208197851,23.372666341635675,-1.216042051474171,26.551919130559895,0.0,1.0,1.0,1.0,1.0,0.0,0.0,0.0,-1.8200668989749529,18.433226920366483,-7,29,-1.216042051474171,26.551919130559895,-5.7839579485258295,2.448080869440105,6.280706130176267,0.11354199999935588
3776.905729784,101.609,104.415,102.94,102.09,0.06979609817310317,2.836611956967266,0.13968930745531272,5.182111248474287,0.36003106534958973,7.61384889351705,0.0901592931541848,9.790533066413769,-0.3680310115442602,13.583624282157615,-0.7155313951607118,16.67237869772977,-0.762000735195649,18.936012917949004,-0.9143379274468113,21.13809661375854,-1.1781821135599977,23.408271316783082,-1.3510097498317528,26.653147851445343,0.0,0.0,1.0,1.0,0.0,0.0,0.0,1.0,-1.8306084773009588,18.428067563033377,-7,29,-1.3510097498317528,26.653147851445343,-5.648990250168247,2.3468521485546567,6.117091290284258,0.07899999999949614
3777.40768408,101.622,104.659,103.003,102.009,0.06796103307696111,2.859443634601913,0.13095935361290634,5.19168276918859,0.3535346670165318,7.643195696696189,0.06134743168119794,9.802471264803811,-0.4102408574144316,13.631732077369133,-0.7958590256830214,16.698155198586655,-0.8264322817555863,18.96565893680572,-0.9948463855515846,21.168797494665014,-1.2490263419796233,23.46506143809644,-1.429217679248482,26.702010447787018,0.0,1.0,1.0,0.0,0.0,0.0,0.0,0.0,-1.8277453739119058,18.431790008920505,-7,29,-1.429217679248482,26.702010447787018,-5.570782320751518,2.2979895522129823,6.026140692622243,314.65704099999846
3778.007146673,101.547,104.84,102.997,102.09,0.06594514039836175,2.8786069618391608,0.13596894737901954,5.214088444841604,0.34543426105383035,7.678280002754933,0.04587997606245531,9.825979136060097,-0.4584448027774728,13.682368836725571,-0.8734842884451306,16.728386124926082,-0.9575021411133291,19.002374559976666,-1.0806021922068123,21.232429004945303,-1.3536350984364456,23.504191072496642,-1.5369641291269904,26.70439403030329,0.0,1.0,1.0,0.0,0.0,0.0,0.0,0.0,-1.8241455655572552,18.430319287793438,-7,29,-1.5369641291269904,26.70439403030329,-5.46303587087301,2.295605969696709,5.925754609714478,0.1516660000007164
3778.508182283,101.478,105.028,102.972,102.047,0.05877901027839538,2.897212429338566,0.11488579072700733,5.267287978024061,0.30591003964917296,7.775388168758525,-0.05116081120225746,9.910909054937964,-0.6179648684432695,13.778283520986971,-1.052466759838615,16.82332709037232,-1.1608427575968214,19.099415106618093,-1.3566622861132882,21.30802407087645,-1.6319387938290753,23.570887430367012,-1.8546714942026288,26.73202245644144,0.0,1.0,1.0,0.0,0.0,0.0,0.0,0.0,-1.8337428220637135,18.437919704100665,-7,29,-1.8546714942026288,26.73202245644144,-5.145328505797371,2.2679775435585583,5.62299987290209,0.09345900000035101
3779.007255153,101.472,105.259,102.959,102.04,0.040773271187241944,2.9179039541607175,0.07425986053287503,5.327881688459135,0.26157714401448384,7.829987422737769,-0.10241538485469026,9.980300044390562,-0.7857259837470336,13.815391336458468,-1.2779554065153154,16.89066414169919,-1.4260766371678588,19.14758883070771,-1.67212939836171,21.360231289919145,-2.005521881886846,23.608974036105835,-2.310511040329014,26.751254248282883,0.0,1.0,1.0,0.0,1.0,0.0,0.0,0.0,-1.8241087303089698,18.445537025248427,-7,29,-2.310511040329014,26.751254248282883,-4.689488959670986,2.2487457517171165,5.200784956017875,0.07395799999976305
3779.507980375,101.465,105.534,103.097,102.009,0.0500423591181145,2.9597028628823363,0.06474632049978002,5.35128813067217,0.23438603346583364,7.8432002461045975,-0.15048203520141556,10.03430086701466,-0.8542663348196777,13.865979071777339,-1.4243252885450808,16.920959306432675,-1.6306495601392745,19.163864811180563,-1.8866578843455803,21.39141057781292,-2.2075531727269264,23.64702683216357,-2.528401579883188,26.86424789294282,0.0,1.0,1.0,0.0,0.0,0.0,0.0,0.0,-1.8255754429223097,18.438998232927176,-7,29,-2.528401579883188,26.86424789294282,-4.471598420116813,2.135752107057179,4.955464609256165,130.13958300000007
3780.008653801,101.509,105.747,103.147,102.003,0.03713662758431213,2.9819192043212883,0.03593445902679937,5.378278399079893,0.12357890932112836,7.893350146053459,-0.30043498229115784,10.065125153257075,-1.0929620923342864,13.922682978403937,-1.7158762786828414,16.94314521915865,-1.912646826336724,19.239082899167638,-2.2313152565265897,21.428344273426845,-2.5923944521226963,23.736380747811012,-2.9639582988429174,26.92534283189994,0.0,1.0,1.0,1.0,0.0,0.0,0.0,0.0,-1.8310571975981933,18.439447901685565,-7,29,-2.9639582988429174,26.92534283189994,-4.036041701157083,2.0746571681000603,4.538043078093014,0.08445799999989845
3780.508995727,101.453,105.953,103.122,102.022,0.05693055054651053,2.9749611719546216,0.04807334766459337,5.377852397098261,0.14727401994209655,7.910910894407419,-0.2886443541825672,10.078496882124988,-1.1101206207149932,13.969527982027035,-1.747832530895389,16.96808493040875,-1.989883644662439,19.261219787856046,-2.3074001361788072,21.44148102501124,-2.7192617445175697,23.73756577713293,-3.1049200966933697,26.903467968239912,0.0,1.0,1.0,0.0,0.0,0.0,0.0,0.0,-1.8417159789869044,18.43379830397677,-7,29,-3.1049200966933697,26.903467968239912,-3.8950799033066303,2.0965320317600877,4.42347081072536,0.07116699999976106
3781.00941893,101.422,106.09,103.128,102.015,0.04904445875561425,3.006806510565717,0.0341462751557422,5.426856148858445,0.12917116974184895,7.960134409094639,-0.31884925777232964,10.157888775241634,-1.2299356373936747,14.020578909976736,-1.8885699685972173,17.031474701469314,-2.1650854801187958,19.327295738078565,-2.518787580082061,21.497787667885127,-2.9552417396362536,23.786970173613938,-3.3717211486457774,26.939258896633273,0.0,1.0,1.0,0.0,0.0,0.0,0.0,0.0,-1.8320952818679037,18.446405934052233,-7,29,-3.3717211486457774,26.939258896633273,-3.6282788513542226,2.060741103366727,4.172656386319083,0.09799999999948739
3781.509795411,101.447,106.49,103.097,102.015,0.03623583833091204,3.020242477827681,0.029367738856121095,5.467126859995158,0.12693761423249428,8.01624157485014,-0.35107340269962894,10.175317665839376,-1.3112075897355255,14.034924357659802,-2.044942294864528,17.068951042464597,-2.332320855969825,19.365718750144147,-2.7238527559168526,21.548175926085612,-3.1960906848457915,23.804054205464645,-3.65101604708304,26.941053345456695,0.0,1.0,1.0,0.0,0.0,0.0,0.0,0.0,-1.8269048605193332,18.44814713262795,-7,29,-3.65101604708304,26.941053345456695,-3.34898395291696,2.0589466545433055,3.931279033997762,199.87712500000043
3782.014202855,101.409,106.697,103.128,102.053,0.04144300297415637,3.0466140290716073,0.03283360085339271,5.474226893022374,0.12033405881353687,8.050632782446703,-0.41243422901657634,10.268429527539084,-1.429421947443488,14.127657550931392,-2.205818567398828,17.11266357913546,-2.540617487676477,19.38209615966025,-2.9659909348162037,21.579088117498845,-3.4659959436305448,23.830038635860188,-3.9924252200975205,26.940626498233037,0.0,1.0,1.0,0.0,0.0,0.0,0.0,0.0,-1.8312045385913092,18.44171315031806,-7,29,-3.9924252200975205,26.940626498233037,-3.0075747799024795,2.059373501766963,3.6450686243862913,0.07891699999973412
3782.509141651,101.384,106.953,103.115,102.034,0.03559624447440801,3.0548331625426304,-0.005558773831372488,5.523460550613915,0.05493809848044706,8.047329576604998,-0.49462371390649484,10.292649092582142,-1.5644733622744271,14.188917312083783,-2.407548478934795,17.137042049679604,-2.7735702951183123,19.385429794214932,-3.2154827687358463,21.585271908168735,-3.7991104884641036,23.812734841082445,-4.342902561506796,26.974348274144177,0.0,1.0,1.0,0.0,1.0,0.0,0.0,0.0,-1.836103626612579,18.42805065819284,-7,29,-4.342902561506796,26.974348274144177,-2.657097438493204,2.0256517258558233,3.3411722062937463,0.07562500000091177
3783.010761873,101.409,107.172,103.247,102.003,0.0443630335650933,3.062507960148233,0.017677570515555185,5.5600189587678255,0.0880228487539303,8.123124119654522,-0.48517379839315855,10.337409729366534,-1.601248334693812,14.203064973132523,-2.482119764748589,17.152258096650534,-2.900474422761471,19.40291785175457,-3.3942576232753865,21.583684543641937,-3.9290719417145166,23.839204440401502,-4.515020282084427,27.063484117348636,0.0,1.0,1.0,0.0,0.0,0.0,0.0,1.0,-1.832286155427173,18.430420716836682,-7,29,-4.515020282084427,27.063484117348636,-2.4849797179155733,1.9365158826513635,3.150431393033778,0.07233399999861945
3783.510318355,101.397,107.434,103.278,102.003,0.03676827510150371,3.065594784031017,-0.005672628235153132,5.566138511043661,0.03180221390154436,8.163306925620423,-0.550104295134346,10.395046783190995,-1.7353889142945516,14.229610644234022,-2.664116029183179,17.179899201419087,-3.1054090008978137,19.48598823817293,-3.6320525915366084,21.635912048493285,-4.196147583699558,23.89196444772989,-4.836431263941694,27.082229049782505,0.0,1.0,1.0,0.0,0.0,0.0,0.0,0.0,-1.8281438643251184,18.432175439284837,-7,29,-4.836431263941694,27.082229049782505,-2.1635687360583056,1.9177709502174949,2.8911719238307234,193.0028749999977
3784.011061317,101.322,107.709,103.29,101.972,0.03021494956656201,3.0923213369262985,-0.031725194746055285,5.560062911353233,-0.0038308658211425595,8.209183281880525,-0.6218526614663022,10.449892847842145,-1.895712658104641,14.268290609875832,-2.8480109832336633,17.232926305228027,-3.315202483148217,19.514146631062037,-3.8404463343523605,21.637609294483603,-4.425996184309055,23.930323221401427,-5.089753963682481,27.08187489337317,0.0,1.0,1.0,0.0,0.0,0.0,0.0,0.0,-1.8321254197983143,18.426373698011176,-7,29,-5.089753963682481,27.08187489337317,-1.9102460363175187,1.9181251066268317,2.707072929187351,0.08270800000076406
3784.508721261,101.365,107.89,103.265,101.997,0.02580141709081185,3.0999082293610893,-0.053374274758007045,5.6072882738885035,-0.02900943235012443,8.24344263172087,-0.6850184149489684,10.490079034776148,-2.0003783417633603,14.33055620904041,-3.0354588644137204,17.266881367938627,-3.5571933210544397,19.51899324884513,-4.100402727442521,21.653653678641035,-4.743894422943966,23.901858850898524,-5.463743913800797,27.06063058026532,0.0,0.0,1.0,0.0,1.0,0.0,0.0,0.0,-1.8340375040499515,18.430211096813974,-7,29,-5.463743913800797,27.06063058026532,-1.5362560861992032,1.9393694197346782,2.4741132772341117,0.0742079999973555
3785.008549946,101.378,108.172,103.403,102.003,0.044118581462871065,3.1417510906681105,-0.03073064304249229,5.699892990371973,-0.034715547174619,8.312360285638322,-0.7008810123219993,10.57179196249907,-2.056830034082232,14.43392085652821,-3.1338458125701303,17.30840979921159,-3.6720858090993156,19.580797345862944,-4.270394049596696,21.71160854346767,-4.949396598769724,23.973383231227395,-5.677498859570787,27.13329181112057,0.0,0.0,1.0,0.0,1.0,1.0,0.0,1.0,-1.8352865538325425,18.45704245972061,-7,29,-5.677498859570787,27.13329181112057,-1.322501140429213,1.8667081888794286,2.287708182628651,0.0804169999994997
3785.509122705,101.44,108.403,103.484,101.959,0.041627179215557364,3.1756960104744003,-0.0687111326783083,5.712788002736636,-0.07717319380594989,8.305449586825175,-0.7763296467766438,10.5891295669579,-2.2340042296510414,14.426046581804231,-3.371744589258314,17.30445575700906,-3.915094639321643,19.588152641982326,-4.5313416457314855,21.72314609713689,-5.201589126120096,23.99657498196557,-5.971040627445145,27.14420726665789,1.0,0.0,1.0,0.0,1.0,0.0,0.0,0.0,-1.8325506994830065,18.436012838087642,-7,29,-5.971040627445145,27.14420726665789,-1.028959372554855,1.8557927333421098,2.121962313400938,262.6610420000013
3786.010970853,101.497,108.516,103.603,101.909,0.03740786895800774,3.19947774014744,-0.07521422832923452,5.69363481840371,-0.11430647273132477,8.343735669682376,-0.8495480743808776,10.619661399458955,-2.3319993847121134,14.440292290928106,-3.505346034770594,17.325637522206904,-4.097787424814628,19.58605475127119,-4.730985342751227,21.741276538617086,-5.435508021664559,23.981693650837343,-6.209999254686129,27.131814328057295,0.0,0.0,0.0,0.0,1.0,0.0,0.0,0.0,-1.8293025003164776,18.430437621677225,-7,29,-6.209999254686129,27.131814328057295,-0.7900007453138711,1.8681856719427046,2.0283537370114924,0.08275000000068644
3786.516141612,101.865,108.516,103.872,101.809,0.026290321295256325,3.217603110175478,-0.07081074183027725,5.755780393200446,-0.14403251809344209,8.376115201254562,-0.8916273225526008,10.65450396629796,-2.4079536666658763,14.453782353679804,-3.6365565378035907,17.35057047152079,-4.262822731745646,19.59237209018135,-4.908131074719094,21.76103491624138,-5.641972936934,24.043523105115966,-6.3784635883661425,27.243703241387884,0.0,0.0,0.0,0.0,1.0,0.0,0.0,0.0,-1.8321220711393833,18.44138519641156,-7,29,-6.3784635883661425,27.243703241387884,-0.6215364116338575,1.756296758612116,1.8630313511313001,0.13679199999927505
3787.108513297,101.922,108.403,104.115,101.834,0.02511159335029234,3.2122070850747964,-0.0821292090291037,5.757859688586986,-0.13516861789365686,8.387749112514868,-0.8909475447888868,10.665424493287436,-2.422748041838781,14.450289813624039,-3.6580046982794734,17.357635004382864,-4.311994439540777,19.613880118801635,-4.977930521551137,21.801418889809717,-5.709912203727893,24.06285717124268,-6.433194069992651,27.325624098649463,0.0,0.0,0.0,1.0,1.0,0.0,0.0,0.0,-1.8249458950426114,18.44013085724342,-7,29,-6.433194069992651,27.325624098649463,-0.5668059300073489,1.6743759013505368,1.7677114078137637,0.07491600000264498
3787.512524685,101.965,107.984,104.228,101.784,0.031403723488337976,3.211493700803974,-0.07328205212398586,5.751324277233849,-0.1344285642691152,8.373643713567477,-0.8889115601566635,10.643346771540923,-2.414229053509248,14.441708916565446,-3.6461403996743127,17.353041959207886,-4.324223741969799,19.61241108815863,-5.006723965399978,21.796131055688505,-5.724768529091081,24.11172906524665,-6.43338996654032,27.348088096002343,0.0,0.0,0.0,0.0,1.0,0.0,0.0,0.0,-1.832061795278562,18.43262848901134,-7,29,-6.43338996654032,27.348088096002343,-0.5666100334596802,1.6519119039976573,1.7463847996894457,64.18008300000011
3788.012963889,102.028,107.79,104.472,101.759,0.00768517225482146,3.2098877409525777,-0.1316692693070307,5.773855048706864,-0.24124743562275008,8.363886239607224,-0.994578492836814,10.600876740649825,-2.5271089975344427,14.429556026700535,-3.766661983388187,17.33997282698565,-4.450006068869873,19.60271278114027,-5.1053202047397965,21.813226920927594,-5.81069344302251,24.185194121269625,-6.451238318661542,27.42579035030691,0.0,0.0,0.0,0.0,1.0,0.0,0.0,0.0,-1.8303573278808682,18.4323242018816,-7,29,-6.451238318661542,27.42579035030691,-0.5487616813384584,1.5742096496930884,1.6671158940194433,0.08279200000060882
3788.513815389,102.047,107.803,104.659,101.765,0.013515187459902211,3.222911230105341,-0.1265927023622344,5.7856951990217595,-0.2495755503930126,8.382075848029313,-0.9906973971316555,10.621588551280627,-2.5322726296115405,14.44816149419993,-3.7695384814129707,17.37332776785705,-4.476738413144492,19.638451304527944,-5.155873234345433,21.849475970499604,-5.828794618893292,24.235739594487143,-6.435290330485682,27.526126495611795,0.0,0.0,0.0,0.0,1.0,0.0,0.0,0.0,-1.8329525385551566,18.453323394801597,-7,29,-6.435290330485682,27.526126495611795,-0.5647096695143183,1.4738735043882052,1.5783536098671107,0.08683300000100758
3789.114632907,102.209,107.759,104.965,101.728,0.030258482132715647,3.2169370594581626,-0.1296299360158828,5.764053622161201,-0.2518158032202358,8.343590288053724,-1.0252488600184786,10.594261876546138,-2.581625164989135,14.426225773113963,-3.8348339819780293,17.328435273316433,-4.535299760592135,19.64878185258254,-5.194608846570995,21.87024525758825,-5.848305580175527,24.26114249836807,-6.413962721731448,27.565589155370652,0.0,0.0,0.0,0.0,1.0,0.0,0.0,0.0,-1.8340877339339734,18.431489102758874,-7,29,-6.413962721731448,27.565589155370652,-0.5860372782685523,1.4344108446293475,1.5495077162475477,0.08320799999950168
3789.514943518,102.222,107.772,105.09,101.709,0.010554972961742681,3.216122246144087,-0.15225682443672994,5.76377300180822,-0.2893676645124281,8.343854003566161,-1.0833681844867655,10.592877370105832,-2.631804819123573,14.417507946846976,-3.8866544789903954,17.33382115551279,-4.558698514897401,19.644210783700256,-5.23538211775824,21.905155443789422,-5.872365694620363,24.284276772648393,-6.409375058991097,27.59877927404678,0.0,0.0,0.0,0.0,1.0,0.0,0.0,0.0,-1.8317704619512551,18.435025595400045,-7,29,-6.409375058991097,27.59877927404678,-0.5906249410089028,1.4012207259532197,1.5206108456086447,54.95816699999878
3790.115154369,102.234,107.759,105.434,101.69,0.022851248569464522,3.224557761574035,-0.15349247958358414,5.754799912449069,-0.29484272187043703,8.347143685535439,-1.0671171426773272,10.587459368712452,-2.637822359228979,14.422799161936306,-3.8943095133148056,17.344276799387387,-4.581166342018854,19.688083916356256,-5.30040302829066,21.959959246339217,-5.935362340826839,24.38233414544836,-6.402319434615974,27.73842847127174,0.0,0.0,0.0,0.0,1.0,0.0,0.0,0.0,-1.833933695622983,18.433193110685405,-7,29,-6.402319434615974,27.73842847127174,-0.5976805653840263,1.2615715287282612,1.3959888181269688,0.11733299999860947
3790.61466348,102.303,107.678,105.653,101.697,0.0021431417181227985,3.2213661276798966,-0.1653634755066138,5.76836773746726,-0.2980909210369662,8.322651952559669,-1.1067518698268215,10.593281395794762,-2.6912502125299396,14.401209990081423,-3.936117520112834,17.335364567454178,-4.667444539467881,19.725171446019104,-5.346304770636189,22.005008955896866,-5.941252631892739,24.45998061377915,-6.352812860927387,27.797329161926633,0.0,0.0,0.0,0.0,1.0,0.0,0.0,0.0,-1.8332338259056578,18.43869056482933,-7,29,-6.352812860927387,27.797329161926633,-0.6471871390726127,1.2026708380733666,1.3657482702654569,0.07404100000130143
3791.114887554,102.309,107.672,105.922,101.622,0.01286219896765517,3.2145602388781036,-0.15098098538266558,5.75616920453289,-0.3016404995076074,8.334820056781062,-1.1086974406678067,10.575923505527287,-2.6932393159370713,14.40613437013101,-3.943394155977643,17.36689885699932,-4.681644527679899,19.746512116718034,-5.35690495049355,22.01274630141247,-5.948579497641563,24.48776963590243,-6.316704271635993,27.858755435758354,0.0,0.0,0.0,0.0,1.0,0.0,0.0,0.0,-1.8322727607914364,18.434183734341104,-7,29,-6.316704271635993,27.858755435758354,-0.6832957283640066,1.1412445642416458,1.3301624742156886,0.07562500000091177
3791.615568127,102.303,107.678,106.247,101.609,0.01839753218649176,3.2164603429549086,-0.15722623429562677,5.765233580030962,-0.30761115838793573,8.347681259464643,-1.1124044061083698,10.591416791883095,-2.6931790400762563,14.41617584541235,-3.955154646155829,17.361220521061608,-4.694329247724024,19.791529707078656,-5.353333605739838,22.05402454104543,-5.947737309919523,24.535545250997316,-6.284461709084548,27.96546470594719,0.0,0.0,0.0,0.0,1.0,0.0,0.0,0.0,-1.8276683547564105,18.44161510224292,-7,29,-6.284461709084548,27.96546470594719,-0.7155382909154522,1.0345352940528088,1.2578784998588448,71.6346250000015
3792.114632035,102.365,107.59,106.515,101.603,-0.0030807662198020225,3.2167477252441046,-0.17857058634452883,5.758038879896722,-0.3186784761666652,8.315944111833012,-1.169117293824131,10.583975281076956,-2.736966104304604,14.387145162751331,-4.018039112287994,17.33515494743147,-4.740972718023557,19.804162694414927,-5.401725076003215,22.102306456114512,-5.936522651147667,24.604719013248964,-6.244088602639984,28.02017722235806,0.0,0.0,0.0,0.0,1.0,0.0,0.0,0.0,-1.829419703379189,18.435340025434108,-7,29,-6.244088602639984,28.02017722235806,-0.7559113973600162,0.9798227776419388,1.2375195821661717,0.07066699999924708
3792.615202108,102.365,107.597,106.753,101.578,-0.019907777365978818,3.220324789502577,-0.17222822632246748,5.749464744774341,-0.3241367902300001,8.324876629574861,-1.1751817151546284,10.587853251497053,-2.734106349574489,14.380300392816288,-4.017389472454691,17.3350028038666,-4.746648694917645,19.817458351500402,-5.431647017913005,22.163314335142843,-5.957214014704335,24.65706654246815,-6.215837641538538,28.09977450928728,0.0,0.0,0.0,0.0,1.0,0.0,0.0,0.0,-1.8246478643974362,18.43117467272481,-7,29,-6.215837641538538,28.09977450928728,-0.7841623584614617,0.900225490712721,1.1938662146810257,0.06595900000050392
3793.115160515,102.359,107.59,106.984,101.572,-0.014690566745934941,3.2064729631633018,-0.17722442545283723,5.755618106731255,-0.31045416982337715,8.290647708447496,-1.1758882821898218,10.587344415796773,-2.7342402959318677,14.371714424305528,-4.024133671548903,17.377219262149588,-4.766067568079178,19.818831024552335,-5.41703347032257,22.209079119455378,-5.928554517212875,24.703229435775427,-6.1325531451770114,28.168597496097703,0.0,0.0,0.0,0.0,1.0,0.0,0.0,0.0,-1.828719833661864,18.432236296710787,-7,29,-6.1325531451770114,28.168597496097703,-0.8674468548229886,0.8314025039022965,1.2015382513417137,0.07620800000296413
3793.615740386,102.365,107.597,107.228,101.584,0.0038275171622053072,3.217582824366829,-0.16028355990288,5.725527490568316,-0.2991758865317673,8.317168022288179,-1.155160083384869,10.586183053251608,-2.7184279284428587,14.371014563907131,-4.017419610385102,17.37517715741224,-4.7630420547317955,19.850546195891262,-5.401413650722297,22.235252884064973,-5.879968824731289,24.77745520962275,-6.039411871241594,28.221391313107176,0.0,0.0,0.0,0.0,1.0,0.0,0.0,0.0,-1.8408687682764635,18.426221554446307,-7,29,-6.039411871241594,28.221391313107176,-0.9605881287584062,0.7786086868928237,1.2365116418443232,76.9732079999983
3794.113734774,102.359,107.578,101.54,101.565,0.005424827473993421,3.211963655371008,-0.16037062503518107,5.759800364281089,-0.30259486730395446,8.317117307766557,-1.158314520101229,10.592219771808786,-2.7231595835173956,14.369423818412224,-4.026296905220629,17.396482327946025,-4.763005219483519,19.888911731499004,-5.383374425041808,22.26675505441308,-5.854878997664077,24.83225563120443,-5.983881060129731,28.26790244612959,0.0,0.0,0.0,1.0,1.0,0.0,0.0,1.0,-1.8377511668083826,18.43246620254214,-7,29,-5.983881060129731,28.26790244612959,-1.0161189398702692,0.7320975538704104,1.2523835388354954,0.07166700000027504
3794.615149052,102.447,107.128,107.634,101.515,-0.013608949910064894,3.224980382587562,-0.21400609519007796,5.726274684520224,-0.37922222970356945,8.269685706176684,-1.2292458136531486,10.558962879012523,-2.831495397368392,14.310616949622325,-4.118147271136766,17.395603276237896,-4.82042634856394,19.894262113530225,-5.4163687615240566,22.285908238746007,-5.850066974775105,24.873353834285627,-5.888651897348611,28.339146206105482,0.0,0.0,0.0,0.0,1.0,0.0,0.0,0.0,-1.838615120813504,18.428168992076625,-7,29,-5.888651897348611,28.339146206105482,-1.1113481026513892,0.6608537938945176,1.2929896914405854,0.07716700000059973
3795.117838496,102.484,107.109,107.897,101.503,-0.03880425973372059,3.2207710772928593,-0.2248155662308482,5.736975448582669,-0.3948872561994563,8.260895189095375,-1.2568354146150178,10.535181149339483,-2.8421106461909558,14.299628803270693,-4.129592987375102,17.38772054909364,-4.8377355665967,19.90542268925538,-5.423375830344629,22.339570964559286,-5.819324611426344,24.931547057363886,-5.806033784115063,28.404118270240676,0.0,0.0,0.0,0.0,1.0,0.0,0.0,0.0,-1.83703455379639,18.428473279206365,-7,29,-5.806033784115063,28.404118270240676,-1.1939662158849371,0.5958817297593235,1.3344026230997748,0.07370899999870062
3795.616774995,102.497,107.115,108.147,101.534,-0.041325799911444916,3.2257411004119003,-0.24151532833751443,5.7248918685639705,-0.40315844376782883,8.255130638470899,-1.255817422298913,10.530246626385566,-2.8515304237738874,14.300778332427479,-4.141731876012897,17.3890661744007,-4.861454117830213,19.95936096396947,-5.424450749862627,22.39863816789351,-5.810078964108017,24.960750169398423,-5.75232631779307,28.452938604480984,0.0,0.0,0.0,0.0,1.0,0.0,0.0,0.0,-1.8279797800373287,18.430400431028033,-7,29,-5.75232631779307,28.452938604480984,-1.2476736822069299,0.547061395519016,1.3623383528841182,117.27937499999896
3796.115555773,102.497,107.122,108.378,101.497,-0.029759531951465412,3.2219138445134323,-0.22403532869909704,5.757934069885367,-0.39532258186094804,8.262156290199732,-1.243568027916282,10.542233848813176,-2.842733496752786,14.30590218959545,-4.133661607980599,17.4030498584962,-4.820553597603457,20.00850333542209,-5.421905769072358,22.444113879432795,-5.749069746979204,25.04812114725041,-5.640293584478313,28.524254210029184,0.0,1.0,0.0,0.0,1.0,0.0,0.0,0.0,-1.8378080940102728,18.431435007269144,-7,29,-5.640293584478313,28.524254210029184,-1.3597064155216874,0.47574578997081574,1.4405330933671017,0.07937499999854936
3796.615753569,102.334,107.122,108.653,101.49,-0.032190658337964084,3.2263293888627285,-0.22383775782195925,5.732458475190116,-0.4006703901794524,8.263897488775454,-1.2610714681672481,10.538281497094696,-2.850351695828924,14.30160836009804,-4.137576190275109,17.408444193112825,-4.834140781230452,20.01264840232274,-5.383394516995416,22.465456240615776,-5.7088791424465795,25.117572148886932,-5.565981819731954,28.61109691161426,0.0,1.0,0.0,0.0,1.0,0.0,0.0,0.0,-1.8310973815054032,18.429311759297196,-7,29,-5.565981819731954,28.61109691161426,-1.4340181802680458,0.3889030883857387,1.4858175370802578,0.07412500000114619
3797.116304161,102.184,107.147,108.903,101.497,-0.029260581770215177,3.208268257228749,-0.23218931320476432,5.753785622016613,-0.404631853699037,8.242759676163015,-1.242643798050346,10.546541202183013,-2.8342212057411285,14.29887315689851,-4.12409114074562,17.41958617351338,-4.842393551174681,20.03871228546882,-5.3774975286116495,22.483033893810283,-5.661529105111853,25.159395569627335,-5.471621633944359,28.660770095059867,0.0,1.0,0.0,0.0,1.0,0.0,0.0,0.0,-1.8323263393343892,18.43334863521838,-7,29,-5.471621633944359,28.660770095059867,-1.528378366055641,0.33922990494013305,1.5655725336861919,0.08083399999847529
3797.616521235,102.047,107.153,109.178,101.459,-0.03771929423892573,3.204386905840545,-0.2481322783922213,5.731129754723604,-0.40976199918679246,8.264370824310603,-1.262538180780588,10.54745744454034,-2.8457841250421767,14.285357736886006,-4.132827791905898,17.425783488055707,-4.820314168489638,20.053742379193803,-5.365115862201101,22.547071120263563,-5.626224193964749,25.201449741441127,-5.388861202706091,28.703964498368148,0.0,1.0,0.0,0.0,1.0,0.0,0.0,0.0,-1.8221598108090538,18.431948914421593,-7,29,-5.388861202706091,28.703964498368148,-1.6111387972939086,0.2960355016318523,1.6381102656329596,108.40466700000206
3798.116842698,102.209,107.172,109.409,101.54,-0.04968405261211828,3.215547481565702,-0.266382469585585,5.755530201560447,-0.4324592094452602,8.262413243775956,-1.3301241640568786,10.522250636809689,-2.9436687743584002,14.253865709442216,-4.240269513821364,17.40426362604704,-4.93341847266345,20.03993788640804,-5.404224849897866,22.5387945103347,-5.620953404801746,25.19601568044923,-5.361589724343003,28.71517916958303,0.0,1.0,0.0,0.0,1.0,0.0,0.0,0.0,-1.8268044007512956,18.446818412161434,-7,29,-5.361589724343003,28.71517916958303,-1.6384102756569972,0.2848208304169688,1.6629826026804517,0.07783300000241411
3798.615860105,102.053,107.19,109.703,101.472,-0.04493900290184505,3.2181846366900864,-0.2488555887220827,5.734284197968536,-0.43773669592613174,8.224319876100914,-1.3231221182247086,10.503487954293252,-2.935488000581265,14.236039555091752,-4.239539506173631,17.403301740620257,-4.929972702619787,20.03713337336229,-5.385787133804161,22.55742702557896,-5.6159170217641625,25.254903692473718,-5.300456606833616,28.77445852866604,0.0,1.0,0.0,0.0,1.0,0.0,0.0,0.0,-1.8362308756520898,18.43018404906911,-7,29,-5.300456606833616,28.77445852866604,-1.6995433931663841,0.2255414713339583,1.7144435542026437,0.16266600000136577
3799.117151827,101.94,107.19,109.991,101.478,-0.04720939365947219,3.2189385925782155,-0.2596550137860474,5.74350409799959,-0.4363168645378761,8.242769819067343,-1.3272141794427412,10.512910712410797,-2.9365160388741702,14.237621848166391,-4.234107981381765,17.394935535036527,-4.935427668024188,20.053074637992435,-5.409532474309147,22.593375168989347,-5.616739117532596,25.311568717967074,-5.246380788028816,28.850539608762737,0.0,0.0,1.0,0.0,0.0,0.0,0.0,0.0,-1.8345163622775966,18.43713531949956,-7,29,-5.246380788028816,28.850539608762737,-1.7536192119711842,0.1494603912372625,1.7599769172188688,0.07158400000406573
3799.617163252,102.009,107.684,109.959,101.634,-0.044423309425920765,3.2167984397657285,-0.27342469932497737,5.739031077192449,-0.4562581284932028,8.24846675032965,-1.3383518190591035,10.494734627861137,-2.9861130263539937,14.224704859509028,-4.280677781184741,17.37339707770327,-4.98717449454,20.044747313541947,-5.411215175423768,22.61287321206931,-5.622833676793503,25.31713379147316,-5.208197704527459,28.842437118691446,0.0,0.0,0.0,0.0,0.0,0.0,0.0,0.0,-1.828719833661864,18.428615279866907,-7,29,-5.208197704527459,28.842437118691446,-1.7918022954725412,0.15756288130855367,1.7987166334992628,81.78325000000086
3800.117362993,102.047,107.922,109.959,101.647,-0.03335264298825402,3.2159802454835447,-0.2642125385959886,5.731305565065222,-0.4388986805764279,8.242069958668946,-1.3569033895565796,10.49953222160667,-2.9835245129975743,14.224772478871195,-4.318782171201136,17.39112011252643,-4.983204659373075,20.047305015915796,-5.428723638663131,22.62342521353499,-5.619148477636015,25.310787714334083,-5.214067903639746,28.8583411926724,0.0,1.0,0.0,0.0,1.0,0.0,0.0,0.0,-1.8351358641804894,18.424412736508422,-7,29,-5.214067903639746,28.8583411926724,-1.7859320963602539,0.14165880732760172,1.7915414230497742,0.07337499999948704
3800.718610789,101.94,107.853,110.184,101.597,-0.04214622135041246,3.212825802238598,-0.24637758111050556,5.737114068275098,-0.4281796233268891,8.233844063261703,-1.3497807920027605,10.506721850288745,-2.994045999369968,14.233630615314665,-4.332997228378356,17.40619753980493,-5.002303735606353,20.063178661183773,-5.432849186470511,22.633392307517948,-5.613623190393984,25.350705114303487,-5.1804406706188555,28.89955772963738,0.0,0.0,1.0,0.0,0.0,0.0,0.0,0.0,-1.8361973890627483,18.429010853135566,-7,29,-5.1804406706188555,28.89955772963738,-1.8195593293811445,0.10044227036262043,1.822329498969261,0.09479199999873344
3801.118394955,101.909,108.197,110.178,101.728,-0.036202351741564165,3.227482298987624,-0.24436168843189354,5.73433491249016,-0.4404491096631251,8.24921732524967,-1.3541708838659747,10.528378641505789,-3.0205037536119583,14.231184484888384,-4.34492515150327,17.380311157484527,-5.016967513080806,20.06095398416858,-5.457177193630114,22.650780626498396,-5.612809466272885,25.372896943723653,-5.189343080396395,28.91318472159746,0.0,0.0,1.0,0.0,0.0,0.0,0.0,0.0,-1.8322158335895524,18.431597293738335,-7,29,-5.189343080396395,28.91318472159746,-1.8106569196036046,0.08681527840253978,1.8127369839754814,0.08454200000329593
3801.717512584,101.928,108.903,110.097,101.747,0.0001239003805797445,3.225237336163781,-0.2088759497023287,5.741509326815757,-0.4014774169826838,8.316403923495729,-1.3143419344982803,10.551046342187185,-3.046566366099666,14.246091173277417,-4.395265541266566,17.42532874784515,-5.06070099876621,20.08056528968017,-5.44825134324004,22.664476928304698,-5.602507317060704,25.385830837221555,-5.187030831402083,28.921838309470388,0.0,1.0,0.0,0.0,1.0,0.0,0.0,0.0,-1.840972576703432,18.428456374365823,-7,29,-5.187030831402083,28.921838309470388,-1.8129691685979168,0.07816169052961186,1.8146532605853571,77.4506670000008
3802.218282992,101.847,108.909,110.216,101.759,-0.01238668939894727,3.2326653230974856,-0.23098379598831453,5.76337742853956,-0.4225739682704259,8.345743964738647,-1.3476510449203811,10.589318901171959,-3.0914517904585517,14.284309636772463,-4.45828060509718,17.43920931241335,-5.122587564535872,20.12862744182222,-5.521422889619183,22.689866308313192,-5.643915159116045,25.414329017405535,-5.224857282726909,29.001163428466896,0.0,0.0,1.0,0.0,0.0,0.0,0.0,0.0,-1.8235461556079673,18.431641246323743,-7,29,-5.224857282726909,29.001163428466896,-1.7751427172730914,-0.0011634284668957662,1.7751430985285361,0.09979200000032051
3802.718002047,101.797,109.297,110.259,101.728,-0.002916681931999454,3.2247369528837755,-0.21397595725966712,5.76168356351736,-0.4095979148989901,8.346142918975413,-1.3321467540533525,10.580377931009838,-3.102318188701206,14.299662612951778,-4.494178228875697,17.439839862965528,-5.16226080126311,20.127709508980846,-5.55673617241362,22.701116479693212,-5.649110603453018,25.431958230363698,-5.237999094715599,29.037323727626074,0.0,1.0,1.0,0.0,0.0,0.0,0.0,0.0,-1.8288872666085974,18.425798933432784,-7,29,-5.237999094715599,29.037323727626074,-1.7620009052844008,-0.03732372762607383,1.762396167400211,0.18587499999966894
3803.218011269,101.628,109.653,110.222,101.884,0.01631801498812746,3.2520010797082595,-0.19341519140145436,5.80484162141847,-0.40084452044404784,8.388871593926783,-1.346746907008056,10.64102911790275,-3.17821889211203,14.372157331127703,-4.546829193303843,17.465951079665118,-5.219753926510636,20.176765665746707,-5.634689603751328,22.737389196041985,-5.74488727196994,25.498868434466907,-5.352571785832227,29.0440805923903,0.0,0.0,1.0,0.0,0.0,0.0,0.0,0.0,-1.8268546306353113,18.43497826184653,-7,29,-5.352571785832227,29.0440805923903,-1.647428214167773,-0.044080592390301376,1.648017845613784,0.06866700000074388
3803.718237268,101.434,110.034,110.184,101.784,0.0008706513229832513,3.273226797491507,-0.1939811147613939,5.8453659051633,-0.4024853633219829,8.447071578941257,-1.3632290062839731,10.714793389603301,-3.19899397214206,14.441621011394625,-4.643906815816837,17.507242843170506,-5.3435739392750525,20.23817926094802,-5.715102625076463,22.809817985339798,-5.855644166230623,25.54057098559744,-5.518219897348275,29.0937943474532,0.0,0.0,1.0,0.0,0.0,0.0,0.0,0.0,-1.821409711207713,18.44748784384685,-7,29,-5.518219897348275,29.0937943474532,-1.481780102651725,-0.09379434745320125,1.4847456523690274,58.18554200000392
3804.218900472,101.447,110.366,110.172,101.922,0.0034089347953878413,3.267269531684871,-0.19050185812837905,5.8408049791853465,-0.3989156928977369,8.448636967175354,-1.3719924467157212,10.744370098613796,-3.2316634887076567,14.450494362194586,-4.7243801130027965,17.539313016160794,-5.423879803514285,20.23828576144343,-5.846976162578507,22.822123018769574,-6.0446558711331235,25.562876077449232,-5.721984119186991,29.084474708862963,0.0,0.0,1.0,0.0,0.0,0.0,0.0,0.0,-1.8183724775540646,18.436276553600077,-7,29,-5.721984119186991,29.084474708862963,-1.278015880813009,-0.08447470886296315,1.2808046564748794,0.09804200000473884
3804.718601397,101.328,110.778,110.147,101.847,0.02715427530037129,3.284911423273428,-0.15645939139961196,5.857723343598755,-0.3731243217837308,8.49322517458623,-1.3705391287381243,10.779329308852535,-3.271546016618311,14.44938709513915,-4.76136605093505,17.5463910728953,-5.506795947393012,20.243524571527075,-5.970861474192151,22.825191247327762,-6.169935899193011,25.56586654374093,-5.897470590652791,29.084250719725794,0.0,0.0,1.0,0.0,1.0,0.0,0.0,0.0,-1.8408185383924416,18.423986734526785,-7,29,-5.897470590652791,29.084250719725794,-1.102529409347209,-0.08425071972579445,1.105743768804428,0.07916600000612561
3805.217746693,101.24,110.953,110.272,101.897,0.008341509405999314,3.30755714766212,-0.17172257882334874,5.938464242990568,-0.40015134804459107,8.589690956649264,-1.3850990977856048,10.846436454348048,-3.378676313252863,14.514741208670568,-4.88627270352373,17.606530043119825,-5.656918001758953,20.264753670278434,-6.12928150539794,22.873080970096296,-6.380352232005235,25.58627913869416,-6.1244577622027006,29.12703856161906,0.0,1.0,0.0,1.0,1.0,0.0,0.0,0.0,-1.8303204926325893,18.435897885171958,-7,29,-6.1244577622027006,29.12703856161906,-0.8755422377972994,-0.12703856161905946,0.8847106907375667,0.07741699999996854
3805.717807323,101.309,110.378,110.716,101.753,-0.00648635235624595,3.310018492444893,-0.18471872414838297,5.945729943455083,-0.4129398765156884,8.581918110968529,-1.4094873808060295,10.869121059869993,-3.3894824356346964,14.549494179854715,-4.937724848053297,17.609772391535593,-5.763005191135389,20.26423469167383,-6.262792537118984,22.868800664471326,-6.5156146123490535,25.60533004874182,-6.243191162045517,29.173316407842016,0.0,0.0,1.0,0.0,0.0,0.0,0.0,0.0,-1.828917404539008,18.434826118281666,-7,29,-6.243191162045517,29.173316407842016,-0.7568088379544831,-0.17331640784201596,0.7764007949720781,77.49366700000593
3806.219373545,101.309,110.634,110.834,101.728,0.0009242298659424275,3.32355926971821,-0.19188485426834934,5.9772507091277856,-0.42363884181161593,8.622256441467405,-1.4133316412629089,10.877340193341013,-3.398038259212508,14.563673960100482,-4.945148824911226,17.624319006821096,-5.77538685754594,20.29298644446592,-6.298986517213212,22.91562707276983,-6.544699389525206,25.623801122758916,-6.256964196243375,29.22644071448406,0.0,1.0,1.0,0.0,0.0,0.0,0.0,0.0,-1.8253879180219776,18.450929669380997,-7,29,-6.256964196243375,29.22644071448406,-0.7430358037566247,-0.22644071448405967,0.7767738427884301,0.06854099999742402
3806.718927341,101.303,111.122,110.759,101.765,-0.002906635955200354,3.321726785003568,-0.19313055539201573,5.966641231204269,-0.41944632082554567,8.614737168394779,-1.4387914951423986,10.876237997737741,-3.44124600544518,14.571345376737977,-5.033020984013106,17.613518504199465,-5.870925771278507,20.280833554601013,-6.339654305644022,22.905600811844973,-6.607034675592108,25.614778164120168,-6.31623713371462,29.21468339788781,0.0,1.0,0.0,0.0,0.0,0.0,0.0,0.0,-1.822092837630364,18.43750722599146,-7,29,-6.31623713371462,29.21468339788781,-0.6837628662853801,-0.21468339788781066,0.7166732997952795,0.07233399999506673
3807.218734674,101.347,111.166,110.734,101.828,0.000632896538635741,3.317963767499151,-0.18613185821876987,5.965728369815055,-0.41655642816501937,8.636760794651561,-1.4444172421524604,10.89556530192824,-3.472699958817533,14.577867264218687,-5.059760025605595,17.595161537856022,-5.890533843669838,20.284814644548415,-6.414341120191056,22.909666425995084,-6.679012425061078,25.617167663330637,-6.413458748561798,29.207727901247225,0.0,1.0,0.0,0.0,0.0,0.0,0.0,0.0,-1.8237604697797791,18.433179586812972,-7,29,-6.413458748561798,29.207727901247225,-0.5865412514382022,-0.20772790124722462,0.6222391185029025,0.0739580000015394
3807.719115118,101.384,111.159,110.728,101.822,0.009526934668831588,3.3350072277325573,-0.191121360031272,5.984083645674447,-0.41435301058607554,8.627970277570252,-1.448700176929769,10.907314166104216,-3.4643818900240824,14.577880788091115,-5.0656302247178875,17.620185773308826,-5.886877108113296,20.287936968596327,-6.408839273561569,22.909777997942648,-6.669659620656849,25.63703423193439,-6.394585706806601,29.214114550003607,0.0,1.0,1.0,1.0,0.0,0.0,0.0,0.0,-1.8274473432667306,18.43602298099196,-7,29,-6.394585706806601,29.214114550003607,-0.605414293193399,-0.21411455000360746,0.6421615894197583,39.609583000000725
3808.219067266,101.328,111.128,110.716,101.822,0.002575118720683278,3.332315977118439,-0.1895173524016156,5.961789541969006,-0.4124040910861593,8.610822007325487,-1.4477725984048953,10.892664431291408,-3.4704597059903106,14.576550377140542,-5.0707804621592425,17.611686019484825,-5.88490307367137,20.28454585758381,-6.411190032133631,22.898397659290467,-6.677060156902228,25.615787383100464,-6.395905078426817,29.204468647990925,0.0,1.0,0.0,0.0,0.0,0.0,0.0,0.0,-1.8247047915993264,18.429575474809635,-7,29,-6.395905078426817,29.204468647990925,-0.604094921573183,-0.20446864799092523,0.6377602231887365,0.07337500000659247
3808.719092284,101.409,111.172,110.716,101.828,0.006472957720509376,3.319525774765138,-0.18875720682347574,5.968054475873499,-0.4128092788172466,8.635689027761266,-1.4441895333449122,10.902283285559228,-3.478305613873996,14.57151442514339,-5.063893945060315,17.61343905144893,-5.881378610142745,20.27818963754041,-6.384049151468996,22.89603436258284,-6.660045620855716,25.610358393560734,-6.38865523183349,29.203095974939004,0.0,1.0,0.0,0.0,0.0,0.0,0.0,0.0,-1.8321656037055305,18.427316988113365,-7,29,-6.38865523183349,29.203095974939004,-0.6113447681665098,-0.20309597493900355,0.6441974857145811,0.07754099999601749
3809.219625358,101.422,111.178,110.716,101.822,-0.002273739416564613,3.3297633461967493,-0.1863227317780458,5.96509612877882,-0.41385071174588806,8.616187603713193,-1.451978514026702,10.900871731374052,-3.4751076445914832,14.566943356261104,-5.068572021591898,17.61921374497772,-5.890918939447314,20.273670973663798,-6.395483147401061,22.902698250724086,-6.675449451954703,25.62799521369713,-6.400360469139251,29.204663053657146,0.0,1.0,0.0,0.0,0.0,0.0,0.0,0.0,-1.825264017641398,18.431309911449137,-7,29,-6.400360469139251,29.204663053657146,-0.599639530860749,-0.20466305365714632,0.6336043974777693,0.07612499999964939
3809.719582894,101.415,111.159,110.716,101.822,0.0015236398152300712,3.3354636584271713,-0.18723356700824523,5.974938126941778,-0.41142293401833285,8.620434099657087,-1.444062284305395,10.906110541457702,-3.4724689013510477,14.578952554981417,-5.0721182514036,17.61893312462474,-5.873499215669714,20.290009502046654,-6.394138660838832,22.9049110943509,-6.676927884874315,25.620634000883562,-6.399319036210601,29.21147316866908,0.0,1.0,0.0,1.0,0.0,0.0,0.0,0.0,-1.8287332282976068,18.434197258213537,-7,29,-6.399319036210601,29.21147316866908,-0.6006809637893991,-0.21147316866908028,0.6368190648260326,94.23920899999416
3810.220189857,101.422,110.791,110.703,101.815,-0.0029836551106954268,3.3391894852823985,-0.19076640218421304,5.96840271558864,-0.4189440219853644,8.640189096313273,-1.4487738474263265,10.910894611330798,-3.469947361173323,14.57797207423004,-5.063386623231727,17.614640985611388,-5.886113613876216,20.287216822389286,-6.394947361971532,22.90944328209994,-6.668524425278029,25.62514505758192,-6.3903931858205265,29.209079443248477,0.0,1.0,0.0,0.0,0.0,0.0,0.0,0.0,-1.8282007915270087,18.43730098693686,-7,29,-6.3903931858205265,29.209079443248477,-0.6096068141794735,-0.20907944324847705,0.6444646471941966,0.08400000000108321
3810.720147338,101.415,110.616,110.734,101.79,0.00223690416829192,3.328583388326992,-0.2026307007893675,5.970025580280575,-0.4174773093720243,8.619139188871651,-1.4417483609816144,10.913100693021399,-3.455615100933391,14.569879727063078,-5.060074799545443,17.627415973608205,-5.879334253863192,20.28947361860151,-6.39406164168334,22.904939832579828,-6.6636136169504905,25.621988923852925,-6.395878289155339,29.209600112337142,0.0,1.0,0.0,0.0,0.0,0.0,0.0,0.0,-1.8330195117338461,18.435045881208698,-7,29,-6.395878289155339,29.209600112337142,-0.6041217108446606,-0.20960011233714226,0.6394491759363072,0.08308299999981728
3811.220095023,101.415,110.609,110.728,101.79,0.0013729501631707386,3.322450312178727,-0.20983701481655004,5.956897281116454,-0.414342964609276,8.620724862914397,-1.448582973867064,10.902142975382738,-3.4625803115172884,14.572596334938012,-5.0634167611621415,17.626824304189274,-5.876767506789852,20.28219270378051,-6.4036488522129975,22.904054018935476,-6.656824210960666,25.61747617667051,-6.399722549612223,29.210785141659066,0.0,1.0,0.0,0.0,0.0,0.0,0.0,0.0,-1.8303539792219308,18.430775718488047,-7,29,-6.399722549612223,29.210785141659066,-0.600277450387777,-0.21078514165906626,0.6362101801985588,0.07854199999712819
3811.719795319,101.428,110.628,110.722,101.797,0.003144390739560521,3.3285664834864477,-0.19738670089783805,5.979735720687305,-0.42552748545071073,8.642217677178188,-1.4542622994200787,10.914292484279533,-3.4630926563342683,14.581270208619582,-5.062420535129103,17.62217040158834,-5.880896403256163,20.296063125444377,-6.405308112715068,22.913262085578147,-6.6692594559141645,25.639805780541085,-6.388538028770776,29.225669008513364,0.0,1.0,0.0,1.0,0.0,0.0,0.0,0.0,-1.8306051286420277,18.439481711366646,-7,29,-6.388538028770776,29.225669008513364,-0.6114619712292244,-0.22566900851336413,0.6517762220754403,75.53879199999614
3812.219832504,101.447,110.247,110.722,101.759,-0.00042862834362322744,3.3324613587470893,-0.21364444002514404,5.953938934021776,-0.42462669619731686,8.62051862385979,-1.445194131025281,10.905459705096874,-3.4609696065697566,14.56164368875151,-5.046948056521954,17.61263607152323,-5.869830759806902,20.28294327870053,-6.3851508602584675,22.89788544262207,-6.661614467566555,25.611717542740223,-6.402150327339776,29.2018179689941,0.0,1.0,0.0,0.0,0.0,0.0,0.0,0.0,-1.835366921646975,18.426779414184157,-7,29,-6.402150327339776,29.2018179689941,-0.5978496726602236,-0.20181796899409932,0.6309950266910507,0.0747499999960155
3812.819864411,101.459,110.191,110.734,101.74,-0.022298719845261328,3.3195156318608117,-0.23155976532505984,5.965812894017759,-0.4795011701580052,8.599411239960327,-1.4545603300652539,10.86382308284445,-3.473249138882805,14.522544483064285,-5.052875182836132,17.60019410888507,-5.883808062199769,20.290187002872337,-6.40679324295255,22.89827594443857,-6.690155087665841,25.610349941140463,-6.401740116620293,29.194553959013643,0.0,1.0,0.0,0.0,0.0,0.0,0.0,0.0,-1.8287600175690801,18.43344330232541,-7,29,-6.401740116620293,29.194553959013643,-0.5982598833797068,-0.1945539590136427,0.6290994603632899,0.07241599999474602
3813.3201298,101.447,110.184,110.728,101.734,-0.01604007629655735,3.3336210308081977,-0.2345099338464134,5.967070614154009,-0.45966706328859064,8.591746585259049,-1.4675062455062788,10.872332979572775,-3.4745417212315433,14.52684676498196,-5.049429412792465,17.60870231512934,-5.877902702168665,20.2929171346197,-6.401708304360414,22.899780475246715,-6.677944202860954,25.611086992188042,-6.400693660703243,29.189792710675274,0.0,1.0,0.0,0.0,0.0,0.0,0.0,0.0,-1.8304410443542316,18.434325735001647,-7,29,-6.400693660703243,29.189792710675274,-0.5993063392967573,-0.18979271067527392,0.628640884246919,0.07420800000090821
3813.819675225,101.447,110.191,110.722,101.74,-0.0064394711311615005,3.304960564155035,-0.23312358904749964,5.95100763467198,-0.46922413588783307,8.600905627864153,-1.454761249601329,10.878346031353207,-3.4618469552106155,14.517331030241452,-5.043361642803037,17.59658661591363,-5.876916522112436,20.284425833215973,-6.406545442191392,22.897942919079917,-6.678508451891428,25.612508689277547,-6.38607174146547,29.20699423116775,0.0,1.0,0.0,1.0,0.0,0.0,0.0,0.0,-1.8361270672251213,18.430877147531294,-7,29,-6.38607174146547,29.20699423116775,-0.6139282585345303,-0.2069942311677515,0.6478846489645896,72.43695799999728
3814.320086429,101.447,109.934,110.728,101.703,-0.016107049475246882,3.332887360728728,-0.2435847995590732,5.982568971961976,-0.5051418516199584,8.608938808089224,-1.479822613067599,10.871824143872495,-3.4834022727723974,14.507680056776607,-5.043554190691772,17.617266307347403,-5.871655778926236,20.298284421491466,-6.403056139581575,22.920443261839957,-6.689535585762946,25.62875001482729,-6.400201407839858,29.20067858274164,0.0,1.0,0.0,0.0,0.0,0.0,0.0,0.0,-1.8282811593414412,18.45632231351357,-7,29,-6.400201407839858,29.20067858274164,-0.5997985921601421,-0.20067858274164152,0.6324794421390171,0.07058300000295503
3814.82023291,101.49,109.766,110.728,101.684,-0.03207680393417722,3.3270957623593826,-0.2606696574432219,5.9678178081059166,-0.5175787709029278,8.589457669849796,-1.4981163368271162,10.84670016986049,-3.4681558286433285,14.484244876334646,-5.045107968437409,17.60669740104118,-5.878212453120112,20.27752020585498,-6.4191933269872345,22.885272741094447,-6.685055080108499,25.608909648726367,-6.396149530529038,29.152592763822827,0.0,1.0,0.0,0.0,0.0,0.0,0.0,0.0,-1.833052998323194,18.439951665933684,-7,29,-6.396149530529038,29.152592763822827,-0.6038504694709621,-0.1525927638228275,0.6228321933325144,0.07112499999806232
3815.320175039,101.465,109.784,110.709,101.678,-0.03199643611975733,3.3164423318504657,-0.24817581095836871,5.9551188918915425,-0.5113100813774305,8.566920136440572,-1.4935253254278393,10.833504251334208,-3.478694058310403,14.472286392135963,-5.044367914812877,17.57545556523741,-5.874661200320011,20.271196105008602,-6.428613104570166,22.878733948773203,-6.688226260119535,25.598003490851358,-6.396854423234769,29.146496878323756,0.0,1.0,0.0,0.0,0.0,0.0,0.0,0.0,-1.8321254197983143,18.426373698011176,-7,29,-6.396854423234769,29.146496878323756,-0.6031455767652307,-0.1464968783237559,0.6206818203637579,0.075541000001067
3815.822228613,101.465,109.784,110.716,101.684,-0.039463945543829704,3.342242499484099,-0.254685603927157,5.962868070795524,-0.5239010389713838,8.585471508450242,-1.487638383020875,10.844538040755303,-3.4775890008619967,14.4870713656731,-5.0445972979498945,17.59561458758252,-5.876690487634356,20.28535390896167,-6.418975664156496,22.891941700687866,-6.686520118392374,25.612339640872133,-6.387499944501065,29.155633099394123,0.0,1.0,0.0,0.0,0.0,0.0,0.0,0.0,-1.8304611363078367,18.442260867151585,-7,29,-6.387499944501065,29.155633099394123,-0.612500055498935,-0.15563309939412306,0.6319635904173748,49.45216700000543
3816.321068983,101.465,109.778,110.709,101.684,-0.028135432368203928,3.3117698339249326,-0.24323319037095148,5.95335740750717,-0.5184226329544375,8.57723885110678,-1.482863195380185,10.828652562098945,-3.4711830163201776,14.472135939055146,-5.035393508868246,17.57757543224124,-5.87110157587257,20.267397587339044,-6.4183327216410575,22.877839682708583,-6.68424805330527,25.596012945877657,-6.390574013402992,29.14135019962105,0.0,1.0,0.0,0.0,0.0,0.0,0.0,0.0,-1.8371986380841796,18.426576556097665,-7,29,-6.390574013402992,29.14135019962105,-0.6094259865970084,-0.14135019962105133,0.6256036381549008,0.07891700000328683
3816.821100372,101.447,109.784,110.709,101.684,-0.037441355547355615,3.301921073825765,-0.2684151055588706,5.946852424867004,-0.5146319510405175,8.566298038308663,-1.49456340969755,10.82777012942271,-3.4775689089083923,14.470655075023759,-5.0542548303171735,17.59483865540169,-5.876968426325927,20.26168037026809,-6.428738679280215,22.874705525272287,-6.687153014931008,25.595988433858874,-6.387717607331814,29.151172757217388,0.0,1.0,0.0,0.0,0.0,0.0,0.0,0.0,-1.8321254197983143,18.426373698011176,-7,29,-6.387717607331814,29.151172757217388,-0.6122823926681864,-0.1511727572173882,0.6306686379519649,0.0867910000010852
3817.321260816,101.447,109.784,110.703,101.69,-0.03042591507944259,3.3243436543193123,-0.2616776037825215,5.965004842639901,-0.518359008434679,8.592743970850965,-1.4953972257722543,10.849604421465429,-3.4764102729170268,14.488420371948266,-5.042352022134265,17.59755526327662,-5.877299943560443,20.285198384428693,-6.415921687208169,22.893317754707898,-6.686593788888931,25.61370301626176,-6.3846602817245515,29.16459012915476,0.0,1.0,0.0,0.0,0.0,0.0,0.0,0.0,-1.8333811668987798,18.44287958431538,-7,29,-6.3846602817245515,29.16459012915476,-0.6153397182754485,-0.16459012915476023,0.6369716473301532,0.07154200000059063
