stage,id,ping,mem,memExt,timestamp,init,drivers,p0,p1,p2,p3,yaw,pitch,roll
5,23809,65736,0.4904816746711731,0.0022356510162353516,257247224,255,0,97.45381164550781,97.2518539428711,97.16957092285156,97.28925323486328,114.49684143066406,-5.66990327835083,-0.5630361437797546
7,50892,71003,0.47335124015808105,0.0022356510162353516,257245270,255,0,97.13965606689453,97.61836242675781,96.6160659790039,99.944580078125,132.04678344726562,-0.41554442048072815,-0.4352186918258667
6,4459,61651,0.4851585030555725,0.0022356510162353516,257246516,255,0,97.76795959472656,97.16957092285156,97.30420684814453,97.3341293334961,123.56070709228516,-7.420536041259766,-2.105905294418335
1,49465,24919,0.4890243411064148,0.0022356510162353516,257283225,255,0,95.96532440185547,96.29444122314453,97.69316101074219,97.00501251220703,172.9977569580078,0.6256255507469177,-0.6549203395843506
0,51711,7565,0.48583394289016724,0.0022356510162353516,257284151,255,63,97.3565673828125,97.34908294677734,97.4388427734375,96.94518280029297,-86.27537536621094,2.1552395820617676,0.2235078364610672
4,3514,43831,0.491946280002594,0.0022356510162353516,257282285,255,0,97.38648986816406,97.96991729736328,97.31169128417969,97.08729553222656,148.9357147216797,-3.805607318878174,0.17921659350395203
2,8969,36612,0.49547940492630005,0.0022356510162353516,257283019,255,0,97.16957092285156,97.11721801757812,97.28177642822266,97.56600189208984,15.712215423583984,1.629590392112732,-2.6987977027893066
3,35169,47077,0.5019559860229492,0.0022356510162353516,257283403,255,0,96.75070190429688,97.4388427734375,97.4388427734375,97.93999481201172,-140.52197265625,-4.714668273925781,0.04760788008570671
6,4459,61651,0.4851585030555725,0.0022356510162353516,257285435,255,0,97.76048278808594,97.2144546508789,97.2967300415039,97.31917572021484,123.56070709228516,-7.420536041259766,-2.105905294418335
5,23809,65736,0.4904816746711731,0.0022356510162353516,257285113,255,0,97.44632720947266,97.22193145751953,97.16209411621094,97.2742919921875,114.49684143066406,-5.66990327835083,-0.5630361437797546
7,50892,80463,0.47335124015808105,0.0022356510162353516,257284408,255,0,97.13217163085938,97.58844757080078,96.6160659790039,99.93709564208984,132.04678344726562,-0.41554442048072815,-0.4352186918258667
0,51711,7565,0.49306803941726685,0.0022356510162353516,257326486,255,0,97.51364135742188,97.50616455078125,97.60340118408203,97.10973358154297,-86.27537536621094,2.1552395820617676,0.2235078364610672
1,49465,24919,0.4890243411064148,0.0022356510162353516,257329750,255,0,95.95037078857422,96.26451873779297,97.69316101074219,96.9975357055664,172.99769592285156,0.6321789622306824,-0.6623288989067078
2,8969,36612,0.49547940492630005,0.0022356510162353516,257324061,255,0,97.13965606689453,97.10225677490234,97.30420684814453,97.52860260009766,15.712215423583984,1.629590392112732,-2.6987977027893066
3,35169,47077,0.5019559860229492,0.0022356510162353516,257322272,255,0,96.74322509765625,97.42388916015625,97.4164047241211,97.9325180053711,-140.52197265625,-4.714668273925781,0.04760788008570671
4,3514,43831,0.491946280002594,0.0022356510162353516,257323365,255,0,97.34160614013672,97.94747161865234,97.28925323486328,97.04989624023438,148.9357147216797,-3.805607318878174,0.17921659350395203
5,23809,65736,0.4904816746711731,0.0022356510162353516,257326358,255,0,97.43136596679688,97.22193145751953,97.13965606689453,97.25933074951172,114.49684143066406,-5.66990327835083,-0.5630361437797546
6,4459,61651,0.4851585030555725,0.0022356510162353516,257328784,255,0,97.73056030273438,97.2144546508789,97.28177642822266,97.28925323486328,123.56070709228516,-7.420536041259766,-2.105905294418335
7,50892,80463,0.47335124015808105,0.0022356510162353516,257322677,255,0,96.94518280029297,97.58096313476562,96.60111236572266,99.92961883544922,132.04678344726562,-0.41554442048072815,-0.4352186918258667
0,51711,7565,0.49306803941726685,0.0022356510162353516,257364984,255,0,97.51364135742188,97.4912109375,97.56600189208984,97.10973358154297,-86.27545928955078,2.1603424549102783,0.21872320771217346
1,49465,24919,0.4890243411064148,0.0022356510162353516,257368068,255,0,95.92044830322266,96.26451873779297,97.66324615478516,96.97510528564453,172.99769592285156,0.6321789622306824,-0.6623288989067078
2,8969,36612,0.49547940492630005,0.0022356510162353516,257363826,255,0,97.13217163085938,97.07233428955078,97.2518539428711,97.52860260009766,15.712215423583984,1.629590392112732,-2.6987977027893066
4,3514,43831,0.491946280002594,0.0022356510162353516,257362999,255,0,97.3565673828125,97.91754913330078,97.26680755615234,97.01998138427734,148.9357147216797,-3.805607318878174,0.17921659350395203
3,35169,47077,0.5019559860229492,0.0022356510162353516,257369520,255,0,96.72826385498047,97.40892791748047,97.40145111083984,97.89511108398438,-140.52197265625,-4.714668273925781,0.04760788008570671
6,4459,61651,0.4851585030555725,0.0022356510162353516,257363274,255,0,97.73056030273438,97.09477233886719,97.25933074951172,97.30420684814453,123.56070709228516,-7.420536041259766,-2.105905294418335
5,23809,65736,0.4904816746711731,0.0022356510162353516,257370063,255,0,97.40145111083984,97.20697021484375,97.11721801757812,97.23689270019531,114.49684143066406,-5.66990327835083,-0.5630361437797546
7,50892,80463,0.47335124015808105,0.0022356510162353516,257369804,255,0,97.09477233886719,97.55852508544922,96.58615112304688,99.91466522216797,132.04678344726562,-0.41554442048072815,-0.4352186918258667
1,49465,24919,0.488405704498291,0.0022356510162353516,257408062,255,0,95.9129638671875,96.25704193115234,97.67072296142578,96.97510528564453,172.99769592285156,0.6321789622306824,-0.6623288989067078
2,8969,36612,0.49171215295791626,0.0022356510162353516,257402993,255,0,97.11721801757812,97.06485748291016,97.28177642822266,97.55104064941406,15.712215423583984,1.629590392112732,-2.6987977027893066
0,51711,7565,0.4904894232749939,0.0022356510162353516,257411057,255,0,97.51364135742188,97.4912109375,97.58844757080078,97.10225677490234,-86.27537536621094,2.1552395820617676,0.2235078364610672
3,35169,47077,0.5019559860229492,0.0022356510162353516,257403640,255,0,96.71331024169922,97.38648986816406,97.40145111083984,97.90259552001953,-140.52197265625,-4.714668273925781,0.04760788008570671
4,3514,43831,0.491946280002594,0.0022356510162353516,257402539,255,0,97.34160614013672,97.92503356933594,97.28925323486328,97.04241943359375,148.9357147216797,-3.805607318878174,0.17921659350395203
5,23809,65736,0.4904816746711731,0.0022356510162353516,257404766,255,0,97.4164047241211,97.1920166015625,97.11721801757812,97.2518539428711,114.49684143066406,-5.66990327835083,-0.5630361437797546
6,4459,61651,0.4851585030555725,0.0022356510162353516,257405983,255,0,97.61087799072266,97.17704772949219,97.2742919921875,97.26680755615234,123.56070709228516,-7.420536041259766,-2.105905294418335
7,50892,80463,0.47335124015808105,0.0022356510162353516,257404957,255,0,97.10225677490234,97.55852508544922,96.57866668701172,99.89969635009766,132.04678344726562,-0.41554442048072815,-0.4352186918258667
0,51711,7565,0.4904894232749939,0.0022356510162353516,257444972,255,0,97.50616455078125,97.49868774414062,97.55852508544922,97.10225677490234,-86.26557159423828,2.1603176593780518,0.21890908479690552
3,35169,47077,0.5019559860229492,0.0022356510162353516,257443405,255,0,96.72826385498047,97.4164047241211,97.4164047241211,97.91754913330078,-140.52197265625,-4.714668273925781,0.04760788008570671
1,49465,24919,0.488405704498291,0.0022356510162353516,257449791,255,0,95.99524688720703,96.24208068847656,97.64827728271484,96.99005889892578,172.99769592285156,0.6321789622306824,-0.6623288989067078
2,8969,36612,0.49171215295791626,0.0022356510162353516,257449168,255,0,97.12469482421875,97.08729553222656,97.26680755615234,97.51364135742188,15.712215423583984,1.629590392112732,-2.6987977027893066
4,3514,43831,0.491946280002594,0.0022356510162353516,257445117,255,0,97.34908294677734,97.9325180053711,97.2742919921875,97.0349349975586,148.9357147216797,-3.805607318878174,0.17921659350395203
5,23809,65736,0.4904816746711731,0.0022356510162353516,257445336,255,0,97.42388916015625,97.22193145751953,97.13217163085938,97.2518539428711,114.49684143066406,-5.66990327835083,-0.5630361437797546
1,49465,24919,0.488405704498291,0.0022356510162353516,257482435,255,0,95.92044830322266,96.2719955444336,97.66324615478516,96.98258209228516,172.99769592285156,0.6321789622306824,-0.6623288989067078
2,8969,36612,0.49171215295791626,0.0022356510162353516,257483947,255,0,97.13965606689453,97.08729553222656,97.2742919921875,97.53608703613281,15.712215423583984,1.629590392112732,-2.6987977027893066
0,51711,7565,0.4904894232749939,0.0022356510162353516,257490802,255,0,97.50616455078125,97.4912109375,97.58096313476562,97.10225677490234,-86.26545715332031,2.1650984287261963,0.22401608526706696
3,35169,47077,0.5019559860229492,0.0022356510162353516,257486896,255,0,96.72826385498047,97.4164047241211,97.40145111083984,97.91754913330078,-140.52197265625,-4.714668273925781,0.04760788008570671
4,3514,43831,0.491946280002594,0.0022356510162353516,257484470,255,0,97.34908294677734,97.93999481201172,97.28177642822266,97.01249694824219,148.9357147216797,-3.805607318878174,0.17921659350395203
5,23809,65736,0.4904816746711731,0.0022356510162353516,257488067,255,0,97.4164047241211,97.2144546508789,97.14714050292969,97.25933074951172,114.49684143066406,-5.66990327835083,-0.5630361437797546
6,4459,84398,0.48328256607055664,0.0022356510162353516,257485187,255,0,97.75299835205078,97.19949340820312,97.2518539428711,97.2967300415039,123.56070709228516,-7.420536041259766,-2.105905294418335
7,50892,80463,0.47335124015808105,0.0022356510162353516,257488052,255,0,97.11721801757812,97.58096313476562,96.5936279296875,99.90718078613281,132.04678344726562,-0.41554442048072815,-0.4352186918258667
0,51711,7565,0.49198734760284424,0.0022356510162353516,257524377,255,0,97.52112579345703,97.49868774414062,97.573486328125,97.04989624023438,-86.26545715332031,2.1650984287261963,0.22401608526706696
1,49465,24919,0.488405704498291,0.0022356510162353516,257523824,255,0,95.92044830322266,96.22711944580078,97.65575408935547,96.99005889892578,172.99769592285156,0.6321789622306824,-0.6623288989067078
3,35169,47077,0.5019559860229492,0.0022356510162353516,257523715,255,0,96.75070190429688,97.4164047241211,97.40145111083984,97.91007232666016,-140.52197265625,-4.714668273925781,0.04760788008570671
2,8969,36612,0.49171215295791626,0.0022356510162353516,257526570,255,0,97.13217163085938,97.08729553222656,97.2967300415039,97.53608703613281,15.712215423583984,1.629590392112732,-2.6987977027893066
4,3514,43831,0.491946280002594,0.0022356510162353516,257525515,255,0,97.38648986816406,97.93999481201172,97.2967300415039,97.02745819091797,148.9357147216797,-3.805607318878174,0.17921659350395203
6,4459,84398,0.48328256607055664,0.0022356510162353516,257522381,255,0,97.73056030273438,97.16957092285156,97.2518539428711,97.28177642822266,123.56070709228516,-7.420536041259766,-2.105905294418335
5,23809,65736,0.4875163435935974,0.0022356510162353516,257527701,255,0,97.2518539428711,97.20697021484375,97.15461730957031,97.25933074951172,114.49684143066406,-5.66990327835083,-0.5630361437797546
7,50892,80463,0.47335124015808105,0.0022356510162353516,257522787,255,0,97.12469482421875,97.58096313476562,96.60111236572266,99.90718078613281,132.04678344726562,-0.41554442048072815,-0.4352186918258667
1,49465,24919,0.488405704498291,0.0022356510162353516,257562549,255,0,95.92792510986328,96.28695678710938,97.69316101074219,97.00501251220703,172.99769592285156,0.6321789622306824,-0.6623288989067078
0,51711,7565,0.49198734760284424,0.0022356510162353516,257562657,255,0,97.54356384277344,97.52112579345703,97.58844757080078,97.10973358154297,-86.26557159423828,2.1603176593780518,0.21890908479690552
2,8969,36612,0.49171215295791626,0.0022356510162353516,257563685,255,0,97.13217163085938,97.10225677490234,97.2967300415039,97.56600189208984,15.712215423583984,1.629590392112732,-2.6987977027893066
3,35169,47077,0.5019559860229492,0.0022356510162353516,257564512,255,0,96.74322509765625,97.43136596679688,97.4164047241211,97.92503356933594,-140.52197265625,-4.714668273925781,0.04760788008570671
4,3514,45296,0.491946280002594,0.0022356510162353516,257564323,255,0,97.3790054321289,97.94747161865234,97.2967300415039,97.04241943359375,148.9357147216797,-3.805607318878174,0.17921659350395203
5,23809,65736,0.4875163435935974,0.0022356510162353516,257566489,255,0,97.44632720947266,97.20697021484375,97.15461730957031,97.24436950683594,114.49684143066406,-5.66990327835083,-0.5630361437797546
7,50892,80463,0.47335124015808105,0.0022356510162353516,257562301,255,0,97.09477233886719,97.58096313476562,96.62355041503906,99.90718078613281,132.04678344726562,-0.41554442048072815,-0.4352186918258667
6,4459,84398,0.48328256607055664,0.0022356510162353516,257565698,255,0,97.73056030273438,97.16957092285156,97.2967300415039,97.30420684814453,123.56070709228516,-7.420536041259766,-2.105905294418335
2,8969,36612,0.49171215295791626,0.0022356510162353516,257604779,255,0,97.11721801757812,97.08729553222656,97.28925323486328,97.54356384277344,15.712215423583984,1.629590392112732,-2.6987977027893066
0,51711,7773,0.49198734760284424,0.0022356510162353516,257602382,255,0,97.53608703613281,97.4912109375,97.58096313476562,97.10225677490234,-86.27066802978516,2.1602373123168945,0.21880365908145905
1,49465,24919,0.488405704498291,0.0022356510162353516,257605236,255,0,95.94288635253906,96.24208068847656,97.69316101074219,96.9975357055664,172.99769592285156,0.6321789622306824,-0.6623288989067078
3,35169,47077,0.5015602111816406,0.0022356510162353516,257606432,255,0,96.74322509765625,97.4164047241211,97.40145111083984,97.9325180053711,-140.52197265625,-4.714668273925781,0.04760788008570671
4,3514,45296,0.491946280002594,0.0022356510162353516,257604314,255,0,97.36405181884766,97.94747161865234,97.26680755615234,97.04241943359375,148.9357147216797,-3.805607318878174,0.17921659350395203
5,23809,65736,0.4875163435935974,0.0022356510162353516,257603518,255,0,97.40145111083984,97.22193145751953,97.13217163085938,97.23689270019531,114.49684143066406,-5.66990327835083,-0.5630361437797546
6,4459,84398,0.48328256607055664,0.0022356510162353516,257607382,255,0,97.73056030273438,97.18453216552734,97.2967300415039,97.25933074951172,123.56070709228516,-7.420536041259766,-2.105905294418335
7,50892,80463,0.4732142686843872,0.0022356510162353516,257602281,255,0,97.10973358154297,97.56600189208984,96.60111236572266,99.89221954345703,132.04678344726562,-0.41554442048072815,-0.4352186918258667
1,49465,24919,0.488405704498291,0.0022356510162353516,257642969,255,0,95.94288635253906,96.25704193115234,97.68567657470703,96.9526596069336,172.99769592285156,0.6321789622306824,-0.6623288989067078
0,51711,7773,0.49674052000045776,0.0022356510162353516,257642811,255,0,97.50616455078125,97.50616455078125,97.55852508544922,97.10225677490234,-86.27066802978516,2.1602373123168945,0.21880365908145905
2,8969,36612,0.49828946590423584,0.0022356510162353516,257646400,255,0,97.13965606689453,97.08729553222656,97.26680755615234,97.51364135742188,15.712215423583984,1.629590392112732,-2.6987977027893066
5,23809,65736,0.4875163435935974,0.0022356510162353516,257642430,255,0,97.4164047241211,97.18453216552734,97.13217163085938,97.23689270019531,114.49684143066406,-5.66990327835083,-0.5630361437797546
3,35169,47077,0.5015602111816406,0.0022356510162353516,257647018,255,0,96.72826385498047,97.40145111083984,97.40145111083984,97.89511108398438,-140.52197265625,-4.714668273925781,0.04760788008570671
4,3514,45296,0.491946280002594,0.0022356510162353516,257643267,255,0,97.3565673828125,97.9325180053711,97.28177642822266,97.01998138427734,148.9355010986328,-3.8037352561950684,0.1859664022922516
6,4459,84398,0.48328256607055664,0.0022356510162353516,257645629,255,0,97.7155990600586,97.16209411621094,97.25933074951172,97.30420684814453,123.56070709228516,-7.420536041259766,-2.105905294418335
7,50892,80463,0.4732142686843872,0.0022356510162353516,257646521,255,0,97.10225677490234,97.55104064941406,96.57866668701172,99.8847427368164,132.04678344726562,-0.41554442048072815,-0.4352186918258667
1,49465,24919,0.488405704498291,0.0022356510162353516,257687328,255,0,95.92044830322266,96.26451873779297,97.6781997680664,96.96762084960938,172.99769592285156,0.6321789622306824,-0.6623288989067078
0,51711,7773,0.49674052000045776,0.0022356510162353516,257683914,255,0,97.49868774414062,97.47624206542969,97.56600189208984,97.09477233886719,-86.26557159423828,2.1603176593780518,0.21890908479690552
2,8969,36612,0.49828946590423584,0.0022356510162353516,257685843,255,0,97.10225677490234,97.07981872558594,97.2742919921875,97.53608703613281,15.712215423583984,1.629590392112732,-2.6987977027893066
3,35169,47077,0.5015602111816406,0.0022356510162353516,257686573,255,0,96.72826385498047,97.38648986816406,97.38648986816406,97.90259552001953,-140.52197265625,-4.714668273925781,0.04760788008570671
4,3514,45296,0.491946280002594,0.0022356510162353516,257685728,255,0,97.34908294677734,97.90259552001953,97.28177642822266,97.01249694824219,148.9355010986328,-3.8037352561950684,0.1859664022922516
5,23809,65736,0.4875163435935974,0.0022356510162353516,257684250,255,0,97.38648986816406,97.1920166015625,97.10225677490234,97.22941589355469,114.49684143066406,-5.66990327835083,-0.5630361437797546
6,4459,84398,0.48328256607055664,0.0022356510162353516,257682879,255,0,97.70063781738281,97.17704772949219,97.24436950683594,97.28177642822266,123.56070709228516,-7.420536041259766,-2.105905294418335
7,50892,80463,0.4732142686843872,0.0022356510162353516,257682313,255,0,97.10225677490234,97.55852508544922,96.58615112304688,99.8847427368164,132.04678344726562,-0.41554442048072815,-0.4352186918258667
1,49465,24919,0.49632251262664795,0.0022356510162353516,257725041,255,0,95.90548706054688,96.24955749511719,97.64827728271484,96.97510528564453,172.99769592285156,0.6321789622306824,-0.6623288989067078
0,51711,7773,0.49675148725509644,0.0022356510162353516,257724023,255,0,97.4912109375,97.47624206542969,97.58096313476562,97.07981872558594,-86.27066802978516,2.1602373123168945,0.21880365908145905
3,35169,47077,0.5015602111816406,0.0022356510162353516,257723915,255,0,96.70582580566406,97.3790054321289,97.39396667480469,97.89511108398438,-140.52197265625,-4.714668273925781,0.04760788008570671
2,8969,36612,0.5002189874649048,0.0022356510162353516,257730782,255,0,97.11721801757812,97.08729553222656,97.25933074951172,97.54356384277344,15.712215423583984,1.629590392112732,-2.6987977027893066
4,3514,45296,0.4971426725387573,0.0022356510162353516,257722407,255,0,97.34908294677734,97.89511108398438,97.26680755615234,97.04241943359375,148.9355010986328,-3.8037352561950684,0.1859664022922516
5,23809,65736,0.4875163435935974,0.0022356510162353516,257727063,255,0,97.40892791748047,97.19949340820312,97.11721801757812,97.22193145751953,114.49684143066406,-5.66990327835083,-0.5630361437797546
6,4459,84398,0.48328256607055664,0.0022356510162353516,257723575,255,0,97.70063781738281,97.16957092285156,97.2518539428711,97.2518539428711,123.56070709228516,-7.420536041259766,-2.105905294418335
7,50892,80463,0.4732142686843872,0.0022356510162353516,257722472,255,0,97.07981872558594,97.54356384277344,96.5711898803711,99.89221954345703,132.04678344726562,-0.41554442048072815,-0.4352186918258667
1,49465,24919,0.49632251262664795,0.0022356510162353516,257763957,255,0,95.92044830322266,96.25704193115234,97.64080047607422,96.96762084960938,172.99769592285156,0.6321789622306824,-0.6623288989067078
0,51711,7773,0.49675148725509644,0.0022356510162353516,257763688,255,0,97.49868774414062,97.4912109375,97.573486328125,97.07981872558594,-86.26558685302734,2.150433301925659,0.2185862809419632
2,8969,36612,0.5002189874649048,0.0022356510162353516,257763867,255,0,97.13217163085938,97.07981872558594,97.28177642822266,97.52860260009766,15.712215423583984,1.629590392112732,-2.6987977027893066
3,35169,47077,0.5015602111816406,0.0022356510162353516,257764531,255,0,96.73574829101562,97.4164047241211,97.4164047241211,97.91754913330078,-140.52197265625,-4.714668273925781,0.04760788008570671
6,4459,84398,0.48328256607055664,0.0022356510162353516,257763560,255,0,97.72307586669922,97.17704772949219,97.24436950683594,97.28177642822266,123.56070709228516,-7.420536041259766,-2.105905294418335
4,3514,45296,0.4971426725387573,0.0022356510162353516,257762426,255,0,97.34160614013672,97.91754913330078,97.30420684814453,97.0349349975586,148.9355010986328,-3.8037352561950684,0.1859664022922516
5,23809,65736,0.4875163435935974,0.0022356510162353516,257766478,255,0,97.42388916015625,97.20697021484375,97.13217163085938,97.22193145751953,114.49684143066406,-5.66990327835083,-0.5630361437797546
7,50892,80463,0.4732142686843872,0.0022356510162353516,257762387,255,0,97.10225677490234,97.55104064941406,96.58615112304688,99.89221954345703,132.04037475585938,-0.4191063344478607,-0.4259519577026367
0,51711,7773,0.49675148725509644,0.0022356510162353516,257803413,255,0,97.51364135742188,97.50616455078125,97.58096313476562,97.10225677490234,-86.26548767089844,2.155214309692383,0.22369326651096344
1,49465,24919,0.49632251262664795,0.0022356510162353516,257807748,255,0,95.92792510986328,96.25704193115234,97.65575408935547,96.98258209228516,172.99769592285156,0.6321789622306824,-0.6623288989067078
2,8969,36612,0.5002189874649048,0.0022356510162353516,257804503,255,0,97.15461730957031,97.07233428955078,97.28177642822266,97.51364135742188,15.712215423583984,1.629590392112732,-2.6987977027893066
3,35169,47077,0.5015602111816406,0.0022356510162353516,257807393,255,0,96.74322509765625,97.4164047241211,97.40892791748047,97.91007232666016,-140.52197265625,-4.714668273925781,0.04760788008570671
6,4459,84398,0.48328256607055664,0.0022356510162353516,257803791,255,0,97.70812225341797,97.16957092285156,97.28925323486328,97.2967300415039,123.56070709228516,-7.420536041259766,-2.105905294418335
4,3514,45296,0.4971426725387573,0.0022356510162353516,257803492,255,0,97.34908294677734,97.93999481201172,97.30420684814453,97.04241943359375,148.92874145507812,-3.803661584854126,0.1861874908208847
5,23809,65736,0.4875163435935974,0.0022356510162353516,257808559,255,0,97.4164047241211,97.20697021484375,97.13217163085938,97.2518539428711,114.49684143066406,-5.66990327835083,-0.5630361437797546
7,50892,80463,0.4732142686843872,0.0022356510162353516,257802461,255,0,97.10225677490234,97.56600189208984,96.5936279296875,99.90718078613281,132.04676818847656,-0.41909295320510864,-0.4259859025478363
0,51711,7773,0.4976509213447571,0.0022356510162353516,257842388,255,0,97.52112579345703,97.49868774414062,97.58844757080078,97.07981872558594,-86.27548217773438,2.1504580974578857,0.218401238322258
2,8969,36612,0.5002189874649048,0.0022356510162353516,257842444,255,0,97.14714050292969,97.09477233886719,97.28925323486328,97.54356384277344,15.712215423583984,1.629590392112732,-2.6987977027893066
3,35169,47077,0.5015602111816406,0.0022356510162353516,257842824,255,0,96.69086456298828,97.40892791748047,97.22193145751953,97.91754913330078,-140.52197265625,-4.714668273925781,0.04760788008570671
1,49465,24919,0.49632251262664795,0.0022356510162353516,257849854,255,0,95.93540954589844,96.2719955444336,97.6781997680664,96.98258209228516,172.99769592285156,0.6321789622306824,-0.6623288989067078
4,3514,45296,0.4971426725387573,0.0022356510162353516,257845403,255,0,97.36405181884766,97.9325180053711,97.30420684814453,97.04989624023438,148.93540954589844,-3.8104703426361084,0.18784280121326447
5,23809,65736,0.4875163435935974,0.0022356510162353516,257847704,255,0,97.4388427734375,97.1920166015625,97.10973358154297,97.2518539428711,114.49684143066406,-5.66990327835083,-0.5630361437797546
6,4459,84398,0.48328256607055664,0.0022356510162353516,257847639,255,0,97.738037109375,97.17704772949219,97.24436950683594,97.19949340820312,123.56070709228516,-7.420536041259766,-2.105905294418335
7,50892,80463,0.4732142686843872,0.0022356510162353516,257844130,255,0,97.10973358154297,97.56600189208984,96.5936279296875,99.90718078613281,132.04672241210938,-0.41625088453292847,-0.4195951819419861
0,51711,7773,0.4976509213447571,0.0022356510162353516,257884646,255,0,97.50616455078125,97.49868774414062,97.60340118408203,97.10225677490234,-86.27537536621094,2.1552395820617676,0.2235078364610672
1,49465,24919,0.49632251262664795,0.0022356510162353516,257885512,255,0,95.93540954589844,96.26451873779297,97.65575408935547,96.98258209228516,172.99769592285156,0.6321789622306824,-0.6623288989067078
2,8969,36612,0.5002189874649048,0.0022356510162353516,257883380,255,0,97.13217163085938,97.08729553222656,97.2518539428711,97.55104064941406,15.712336540222168,1.6286369562149048,-2.691868782043457
3,35169,47077,0.5015602111816406,0.0022356510162353516,257886452,255,0,96.72078704833984,97.40892791748047,97.39396667480469,97.91754913330078,-140.52197265625,-4.714668273925781,0.04760788008570671
4,3514,45296,0.4971426725387573,0.0022356510162353516,257884045,255,0,97.34908294677734,97.93999481201172,97.26680755615234,97.02745819091797,148.9357147216797,-3.805607318878174,0.17921659350395203
5,23809,65736,0.4875163435935974,0.0022356510162353516,257884543,255,0,97.4164047241211,97.20697021484375,97.11721801757812,97.22941589355469,114.49684143066406,-5.66990327835083,-0.5630361437797546
6,4459,84398,0.48328256607055664,0.0022356510162353516,257884660,255,0,97.738037109375,97.18453216552734,97.25933074951172,97.30420684814453,123.56070709228516,-7.420536041259766,-2.105905294418335
7,50892,80463,0.4732142686843872,0.0022356510162353516,257883471,255,0,97.10225677490234,97.55104064941406,96.5936279296875,99.89221954345703,132.04672241210938,-0.41625088453292847,-0.4195951819419861
1,49465,24919,0.5003148317337036,0.0022356510162353516,257923346,255,0,95.92044830322266,96.24955749511719,97.64827728271484,96.96762084960938,172.99769592285156,0.6321789622306824,-0.6623288989067078
0,51711,7773,0.49448150396347046,0.0022356510162353516,257924129,255,0,97.48371887207031,97.4912109375,97.573486328125,97.07233428955078,-86.26558685302734,2.150433301925659,0.2185862809419632
2,8969,36612,0.4998217821121216,0.0022356510162353516,257924830,255,0,97.10973358154297,97.07981872558594,97.2518539428711,97.50616455078125,15.719264030456543,1.6287862062454224,-2.6917476654052734
3,35169,47077,0.5015602111816406,0.0022356510162353516,257922396,255,0,96.70582580566406,97.3790054321289,97.37152862548828,97.91007232666016,-140.52197265625,-4.714668273925781,0.04760788008570671
4,3514,45296,0.4971426725387573,0.0022356510162353516,257924676,255,0,97.34160614013672,97.88763427734375,97.25933074951172,97.01998138427734,148.92897033691406,-3.805534601211548,0.17943790555000305
6,4459,84398,0.48328256607055664,0.0022356510162353516,257923651,255,0,97.69316101074219,97.16209411621094,97.24436950683594,97.26680755615234,123.56070709228516,-7.420536041259766,-2.105905294418335
1,49465,24919,0.5003148317337036,0.0022356510162353516,257965570,255,0,95.89053344726562,96.24208068847656,97.64827728271484,96.93022155761719,172.99769592285156,0.6321789622306824,-0.6623288989067078
7,50892,80463,0.4732142686843872,0.0022356510162353516,257927642,255,0,97.07981872558594,97.55104064941406,96.56370544433594,99.87726593017578,132.04031372070312,-0.40987375378608704,-0.4224039614200592
0,51711,7773,0.49448150396347046,0.0022356510162353516,257963439,255,0,97.46128845214844,97.45381164550781,97.53608703613281,97.04241943359375,-86.27555847167969,2.1555614471435547,0.21361662447452545
2,8969,36612,0.4998217821121216,0.0022356510162353516,257962762,255,0,97.09477233886719,97.04241943359375,97.20697021484375,97.50616455078125,15.719415664672852,1.6218599081039429,-2.692701816558838
3,35169,47077,0.5015602111816406,0.0022356510162353516,257962741,255,0,96.69086456298828,97.3790054321289,97.3565673828125,97.88015747070312,-140.52197265625,-4.714668273925781,0.04760788008570671
4,3514,45296,0.4971426725387573,0.0022356510162353516,257963311,255,0,97.2967300415039,97.87267303466797,97.22941589355469,96.97510528564453,148.9286651611328,-3.810396432876587,0.18806423246860504
6,4459,84398,0.48328256607055664,0.0022356510162353516,257969009,255,0,97.7155990600586,97.13965606689453,97.20697021484375,97.24436950683594,123.56070709228516,-7.420536041259766,-2.105905294418335
5,23809,65736,0.4875163435935974,0.0022356510162353516,257967934,255,0,97.38648986816406,97.18453216552734,97.07233428955078,97.20697021484375,114.49684143066406,-5.66990327835083,-0.5630361437797546
1,49465,24919,0.5003148317337036,0.0022356510162353516,258005739,255,0,95.87556457519531,96.19720458984375,97.61836242675781,96.94518280029297,172.99769592285156,0.6321789622306824,-0.6623288989067078
2,8969,36612,0.4998217821121216,0.0022356510162353516,258002565,255,0,97.07233428955078,97.0349349975586,97.20697021484375,97.46876525878906,15.719264030456543,1.6287862062454224,-2.6917476654052734
0,51711,7773,0.49448150396347046,0.0022356510162353516,258003387,255,0,97.46876525878906,97.44632720947266,97.51364135742188,97.04241943359375,-86.27555847167969,2.1555614471435547,0.21361662447452545
7,50892,80463,0.4732142686843872,0.0022356510162353516,257966959,255,0,97.04241943359375,97.50616455078125,96.5337905883789,99.86978149414062,132.0310821533203,-0.40992048382759094,-0.42238402366638184
3,35169,47077,0.5015602111816406,0.0022356510162353516,258010052,255,0,96.67591094970703,97.34160614013672,97.3565673828125,97.85023498535156,-140.52197265625,-4.714668273925781,0.04760788008570671
4,3514,45296,0.5002875328063965,0.0022356510162353516,258006340,255,0,97.2967300415039,97.86519622802734,97.22193145751953,96.96762084960938,148.93563842773438,-3.8123421669006348,0.18109294772148132
1,49465,24919,0.5003148317337036,0.0022356510162353516,258043956,255,0,95.86808776855469,96.19720458984375,97.60340118408203,96.9152603149414,172.99769592285156,0.6321789622306824,-0.6623288989067078
0,51711,7773,0.49699336290359497,0.0022356510162353516,258043029,255,0,97.45381164550781,97.44632720947266,97.50616455078125,97.04989624023438,-86.27567291259766,2.150779962539673,0.20851004123687744
6,4459,84398,0.4844043254852295,0.0022356510162353516,258003072,255,0,97.67072296142578,97.10973358154297,97.2144546508789,97.10225677490234,123.56070709228516,-7.420536041259766,-2.105905294418335
5,23809,65736,0.49360376596450806,0.0022356510162353516,258004653,255,0,97.34160614013672,97.13965606689453,97.05738067626953,97.01249694824219,114.49684143066406,-5.66990327835083,-0.5630361437797546
7,50892,80463,0.4732142686843872,0.0022356510162353516,258009303,255,0,97.04241943359375,97.49868774414062,96.51882934570312,99.85482025146484,132.0374755859375,-0.4099070727825165,-0.4224173426628113
3,35169,47077,0.5003288984298706,0.0022356510162353516,258047390,255,0,96.6684341430664,97.36405181884766,97.3341293334961,97.85023498535156,-140.52197265625,-4.714668273925781,0.04760788008570671
4,3514,45296,0.5002875328063965,0.0022356510162353516,258043463,255,0,97.30420684814453,97.87267303466797,97.22193145751953,96.9526596069336,148.92910766601562,-3.8141419887542725,0.17456498742103577
5,23809,65736,0.49360376596450806,0.0022356510162353516,258043515,255,0,97.3565673828125,97.16209411621094,97.06485748291016,97.17704772949219,114.49652099609375,-5.666125297546387,-0.5571313500404358
2,8969,36612,0.4998217821121216,0.0022356510162353516,258053749,255,0,97.05738067626953,97.01998138427734,97.23689270019531,97.47624206542969,15.719264030456543,1.6287862062454224,-2.6917476654052734
6,4459,84398,0.4844043254852295,0.0022356510162353516,258048815,255,0,97.65575408935547,97.10973358154297,97.20697021484375,97.2144546508789,123.56070709228516,-7.420536041259766,-2.105905294418335
7,50892,80463,0.4732142686843872,0.0022356510162353516,258042938,255,0,97.04989624023438,97.51364135742188,96.54127502441406,99.84734344482422,132.04666137695312,-0.3942372798919678,-0.42173081636428833
0,51711,7773,0.49699336290359497,0.0022356510162353516,258085247,255,0,97.44632720947266,97.45381164550781,97.52112579345703,97.0349349975586,-86.27574920654297,2.1558830738067627,0.20372538268566132
1,49465,24919,0.5003148317337036,0.0022356510162353516,258086157,255,0,95.86808776855469,96.28695678710938,97.58844757080078,96.90778350830078,172.99769592285156,0.6321789622306824,-0.6623288989067078
2,8969,36612,0.4998217821121216,0.0022356510162353516,258082286,255,0,97.07981872558594,97.04989624023438,97.22941589355469,97.47624206542969,15.71938705444336,1.6278324127197266,-2.684818744659424
3,35169,47077,0.5003288984298706,0.0022356510162353516,258084040,255,0,96.68338775634766,97.38648986816406,97.3565673828125,97.85771179199219,-140.52197265625,-4.714668273925781,0.04760788008570671
5,23809,65736,0.49360376596450806,0.0022356510162353516,258083052,255,0,97.39396667480469,97.17704772949219,97.10225677490234,97.1920166015625,114.4962158203125,-5.662347793579102,-0.5512265563011169
4,3514,45296,0.5002875328063965,0.0022356510162353516,258084555,255,0,97.30420684814453,97.89511108398438,97.24436950683594,96.9975357055664,148.92889404296875,-3.812269687652588,0.181314617395401
6,4459,84398,0.4844043254852295,0.0022356510162353516,258087625,255,0,97.67072296142578,97.12469482421875,97.22941589355469,97.24436950683594,123.56070709228516,-7.420536041259766,-2.105905294418335
7,50892,80463,0.4732142686843872,0.0022356510162353516,258084781,255,0,97.06485748291016,97.49868774414062,96.55622863769531,99.87726593017578,132.05300903320312,-0.39138180017471313,-0.41537225246429443
0,51711,7773,0.49699336290359497,0.0022356510162353516,258126454,255,0,97.46876525878906,97.4912109375,97.54356384277344,97.06485748291016,-86.27577209472656,2.145998954772949,0.20340347290039062
1,49465,19850,0.5029351711273193,0.0022356510162353516,258130598,255,0,95.90548706054688,96.21963500976562,97.64080047607422,96.94518280029297,172.9979248046875,0.6051104068756104,-0.6466570496559143
3,35169,47077,0.5057740807533264,0.0022356510162353516,258122949,255,0,96.71331024169922,97.38648986816406,97.38648986816406,97.89511108398438,-140.52197265625,-4.714668273925781,0.04760788008570671
2,8969,24998,0.4998217821121216,0.0022356510162353516,258122960,255,0,97.10973358154297,97.04241943359375,97.23689270019531,97.49868774414062,15.719508171081543,1.6268786191940308,-2.677889585494995
5,23809,72384,0.49360376596450806,0.0022356510162353516,258122446,255,0,97.40892791748047,97.18453216552734,97.08729553222656,97.22941589355469,114.4962158203125,-5.662347793579102,-0.5512265563011169
4,3514,45296,0.5062988996505737,0.0022356510162353516,258129668,255,0,97.3341293334961,97.90259552001953,97.25933074951172,96.9975357055664,148.92176818847656,-3.8237926959991455,0.19203995168209076
7,50892,80463,0.4732142686843872,0.0022356510162353516,258128807,255,0,97.08729553222656,97.52860260009766,96.5337905883789,99.8847427368164,132.05584716796875,-0.3913496434688568,-0.4153587818145752
1,49465,19850,0.5029351711273193,0.0022356510162353516,258163046,255,0,95.9129638671875,96.25704193115234,97.68567657470703,96.96013641357422,172.9979248046875,0.6051104068756104,-0.6466570496559143
0,51711,7773,0.501258373260498,0.0022356510162353516,258164965,255,0,97.52112579345703,97.50616455078125,97.60340118408203,97.10225677490234,-86.27098846435547,2.145894765853882,0.20348402857780457
4,3514,45296,0.5062988996505737,0.0022356510162353516,258164416,255,0,97.3790054321289,97.93999481201172,97.28925323486328,97.04989624023438,148.92176818847656,-3.8237926959991455,0.19203995168209076
6,4459,84398,0.4844043254852295,0.0022356510162353516,258162857,255,0,97.738037109375,97.16957092285156,97.26680755615234,97.2967300415039,123.56070709228516,-7.420536041259766,-2.105905294418335
5,23809,72384,0.49360376596450806,0.0022356510162353516,258173230,255,0,97.43136596679688,97.23689270019531,97.13965606689453,97.26680755615234,114.49652099609375,-5.666125297546387,-0.5571313500404358
7,50892,80463,0.4732142686843872,0.0022356510162353516,258164436,255,0,97.11721801757812,97.58844757080078,96.62355041503906,99.91466522216797,132.05584716796875,-0.3913496434688568,-0.4153587818145752
0,51711,7773,0.501258373260498,0.0022356510162353516,258202420,255,0,97.55852508544922,97.53608703613281,97.60340118408203,97.11721801757812,-86.26577758789062,2.1507558822631836,0.20869512856006622
1,49465,19850,0.5029351711273193,0.0022356510162353516,258208741,255,0,95.94288635253906,96.30191802978516,97.76795959472656,97.00501251220703,172.9979248046875,0.6051104068756104,-0.6466570496559143
2,8969,24998,0.4998217821121216,0.0022356510162353516,258205547,255,0,97.15461730957031,97.10225677490234,97.31169128417969,97.55852508544922,15.726556777954102,1.626072645187378,-2.670839786529541
3,35169,41379,0.5057740807533264,0.0022356510162353516,258204100,255,0,96.76566314697266,97.44632720947266,97.4388427734375,97.94747161865234,-140.52197265625,-4.714668273925781,0.04760788008570671
4,3514,45296,0.5062988996505737,0.0022356510162353516,258205512,255,0,97.40892791748047,97.95494842529297,97.32665252685547,97.05738067626953,148.9215545654297,-3.8219194412231445,0.19878937304019928
6,4459,84398,0.4844043254852295,0.0022356510162353516,258204610,255,0,97.75299835205078,97.2144546508789,97.2967300415039,97.3341293334961,123.56070709228516,-7.420536041259766,-2.105905294418335
5,23809,72384,0.49360376596450806,0.0022356510162353516,258203217,255,0,97.44632720947266,97.25933074951172,97.13965606689453,97.25933074951172,114.49636840820312,-5.672000885009766,-0.5533350110054016
7,50892,80463,0.4732142686843872,0.0022356510162353516,258206456,255,0,97.13965606689453,97.58844757080078,96.64598846435547,99.95954132080078,132.06222534179688,-0.3849453330039978,-0.41823214292526245
1,49465,19850,0.5029351711273193,0.0022356510162353516,258243819,255,0,95.81573486328125,96.29444122314453,97.68567657470703,97.01998138427734,172.9979248046875,0.6051104068756104,-0.6466570496559143
0,51711,7773,0.5018883347511292,0.0022356510162353516,258245133,255,0,97.55104064941406,97.55104064941406,97.6333236694336,97.10973358154297,-86.26596069335938,2.151078462600708,0.19880396127700806
2,8969,24998,0.4998217821121216,0.0022356510162353516,258243836,255,0,97.16209411621094,97.13217163085938,97.31169128417969,97.56600189208984,15.72640609741211,1.6329988241195679,-2.6698851585388184
3,35169,41379,0.5057740807533264,0.0022356510162353516,258247514,255,0,96.77314758300781,97.44632720947266,97.4388427734375,97.95494842529297,-140.52197265625,-4.714668273925781,0.04760788008570671
4,3514,45296,0.5062988996505737,0.0022356510162353516,258244061,255,0,97.39396667480469,97.96243286132812,97.34160614013672,97.07233428955078,148.9129180908203,-3.8220667839050293,0.19908565282821655
6,4459,84398,0.49163663387298584,0.0022356510162353516,258247549,255,0,97.76795959472656,97.20697021484375,97.31169128417969,97.32665252685547,123.56070709228516,-7.420536041259766,-2.105905294418335
5,23809,72384,0.49360376596450806,0.0022356510162353516,258249289,255,0,97.45381164550781,97.24436950683594,97.17704772949219,97.2967300415039,114.49636840820312,-5.672000885009766,-0.5533350110054016
7,50892,80463,0.4732142686843872,0.0022356510162353516,258243561,255,0,97.13965606689453,97.43136596679688,96.6160659790039,99.95954132080078,132.06861877441406,-0.3849315345287323,-0.4182639718055725
0,51711,7773,0.5018883347511292,0.0022356510162353516,258282732,255,0,97.54356384277344,97.54356384277344,97.61836242675781,96.9975357055664,-86.27101135253906,2.1360111236572266,0.20316171646118164
1,49465,19850,0.5029351711273193,0.0022356510162353516,258287830,255,0,95.95784759521484,96.30939483642578,97.70063781738281,96.9975357055664,172.9979248046875,0.6051104068756104,-0.6466570496559143
2,8969,24998,0.4998217821121216,0.0022356510162353516,258283118,255,0,97.15461730957031,97.12469482421875,97.31169128417969,97.55852508544922,15.726675987243652,1.6251184940338135,-2.6639108657836914
3,35169,41379,0.5057740807533264,0.0022356510162353516,258287651,255,0,96.75818634033203,97.42388916015625,97.4388427734375,97.93999481201172,-140.52197265625,-4.714668273925781,0.04760788008570671
4,3514,45296,0.5062988996505737,0.0022356510162353516,258282959,255,0,97.3790054321289,97.93999481201172,97.32665252685547,97.04989624023438,148.9129180908203,-3.8220667839050293,0.19908565282821655
5,23809,72384,0.49360376596450806,0.0022356510162353516,258285062,255,0,97.44632720947266,97.24436950683594,97.15461730957031,97.26680755615234,114.49636840820312,-5.672000885009766,-0.5533350110054016
6,4459,84398,0.49163663387298584,0.0022356510162353516,258284774,255,0,97.76795959472656,97.20697021484375,97.30420684814453,97.3341293334961,123.56070709228516,-7.420536041259766,-2.105905294418335
7,50892,66549,0.4732142686843872,0.0022356510162353516,258282508,255,0,97.13965606689453,97.58844757080078,96.60858917236328,99.93709564208984,132.06861877441406,-0.3849315345287323,-0.4182639718055725
1,49465,19850,0.5029351711273193,0.0022356510162353516,258322200,255,0,95.94288635253906,96.27947998046875,97.69316101074219,96.99005889892578,172.9979248046875,0.6051104068756104,-0.6466570496559143
0,51711,7773,0.5018883347511292,0.0022356510162353516,258328384,255,0,97.53608703613281,97.52112579345703,97.58844757080078,97.10973358154297,-86.26590728759766,2.1360907554626465,0.20326541364192963
2,8969,24998,0.4998217821121216,0.0022356510162353516,258328080,255,0,97.14714050292969,97.09477233886719,97.2742919921875,97.55104064941406,15.726675987243652,1.6251184940338135,-2.6639108657836914
3,35169,41379,0.5057740807533264,0.0022356510162353516,258327256,255,0,96.74322509765625,97.4164047241211,97.40892791748047,97.92503356933594,-140.52197265625,-4.714668273925781,0.04760788008570671
4,3514,45296,0.5062988996505737,0.0022356510162353516,258325429,255,0,97.36405181884766,97.94747161865234,97.2967300415039,97.05738067626953,148.9129180908203,-3.8220667839050293,0.19908565282821655
5,23809,72384,0.4955633282661438,0.0022356510162353516,258330110,255,0,97.4164047241211,97.2144546508789,97.12469482421875,97.25933074951172,114.49620819091797,-5.677876949310303,-0.5495386123657227
6,4459,84398,0.49592673778533936,0.0022356510162353516,258325521,255,0,97.75299835205078,97.20697021484375,97.2967300415039,97.32665252685547,123.56070709228516,-7.420536041259766,-2.105905294418335
7,50892,66549,0.4732142686843872,0.0022356510162353516,258322730,255,0,97.13965606689453,97.56600189208984,96.5936279296875,99.9221420288086,132.0714569091797,-0.38489970564842224,-0.4182502031326294
3,35169,41379,0.5057740807533264,0.0022356510162353516,258364077,255,0,96.72826385498047,97.40892791748047,97.39396667480469,97.91754913330078,-140.52197265625,-4.714668273925781,0.04760788008570671
0,51711,7773,0.5003829002380371,0.0022356510162353516,258365653,255,0,97.50616455078125,97.50616455078125,97.573486328125,97.10225677490234,-86.26598358154297,2.1411945819854736,0.1984812170267105
1,49465,19850,0.5031560659408569,0.0022356510162353516,258369676,255,0,95.90548706054688,96.26451873779297,97.67072296142578,96.99005889892578,172.9979248046875,0.6051104068756104,-0.6466570496559143
2,8969,24998,0.4998217821121216,0.0022356510162353516,258364661,255,0,97.12469482421875,97.08729553222656,97.28925323486328,97.52860260009766,15.733607292175293,1.6252659559249878,-2.663790225982666
4,3514,45296,0.508021354675293,0.0022356510162353516,258364315,255,0,97.3341293334961,97.93999481201172,97.2742919921875,97.0349349975586,148.91299438476562,-3.8153321743011475,0.19720791280269623
5,23809,72384,0.4955633282661438,0.0022356510162353516,258366506,255,0,97.4164047241211,97.2144546508789,97.13217163085938,97.23689270019531,114.49605560302734,-5.6682233810424805,-0.5474302172660828
6,4459,84398,0.49592673778533936,0.0022356510162353516,258362219,255,0,97.74552154541016,97.17704772949219,97.2742919921875,97.28177642822266,123.56070709228516,-7.420536041259766,-2.105905294418335
7,50892,66549,0.4732142686843872,0.0022356510162353516,258368529,255,0,97.10973358154297,97.56600189208984,96.5936279296875,99.90718078613281,132.0778045654297,-0.3756543695926666,-0.414730966091156
0,51711,7773,0.5003829002380371,0.0022356510162353516,258402845,255,0,97.52112579345703,97.4912109375,97.58844757080078,97.09477233886719,-86.27587890625,2.1412172317504883,0.1982969343662262
1,49465,19850,0.5031560659408569,0.0022356510162353516,258405775,255,0,95.92044830322266,96.23460388183594,97.66324615478516,96.97510528564453,172.9979248046875,0.6051104068756104,-0.6466570496559143
2,8969,24998,0.4998217821121216,0.0022356510162353516,258404239,255,0,97.12469482421875,97.06485748291016,97.26680755615234,97.51364135742188,15.733607292175293,1.6252659559249878,-2.663790225982666
3,35169,41379,0.5057740807533264,0.0022356510162353516,258402583,255,0,96.74322509765625,97.40145111083984,97.40145111083984,97.91007232666016,-140.52197265625,-4.714668273925781,0.04760788008570671
4,3514,45296,0.508021354675293,0.0022356510162353516,258405726,255,0,97.34908294677734,97.91754913330078,97.28925323486328,97.01998138427734,148.9129180908203,-3.8220667839050293,0.19908565282821655
5,23809,72384,0.4955633282661438,0.0022356510162353516,258404349,255,0,97.4164047241211,97.18453216552734,97.12469482421875,97.24436950683594,114.49636840820312,-5.672000885009766,-0.5533350110054016
7,50892,66549,0.4732142686843872,0.0022356510162353516,258406992,255,0,97.10225677490234,97.55852508544922,96.57866668701172,99.89221954345703,132.06861877441406,-0.3849315345287323,-0.4182639718055725
6,4459,84398,0.49592673778533936,0.0022356510162353516,258410654,255,0,97.7155990600586,97.15461730957031,97.26680755615234,97.26680755615234,123.56070709228516,-7.420536041259766,-2.105905294418335
1,49465,19850,0.5031560659408569,0.0022356510162353516,258442676,255,0,95.92044830322266,96.26451873779297,97.65575408935547,96.96762084960938,172.9979248046875,0.6051104068756104,-0.6466570496559143
0,51711,7773,0.5003829002380371,0.0022356510162353516,258446485,255,0,97.51364135742188,97.49868774414062,97.573486328125,97.09477233886719,-86.26598358154297,2.1411945819854736,0.1984812170267105
3,35169,41379,0.5025685429573059,0.0022356510162353516,258444673,255,0,96.72078704833984,97.4164047241211,97.38648986816406,97.91007232666016,-140.52197265625,-4.714668273925781,0.04760788008570671
2,8969,24998,0.5062901973724365,0.0022356510162353516,258447736,255,0,97.10973358154297,97.07981872558594,97.26680755615234,97.52860260009766,15.726675987243652,1.6251184940338135,-2.6639108657836914
4,3514,45296,0.508021354675293,0.0022356510162353516,258448225,255,0,97.3565673828125,97.93999481201172,97.2742919921875,97.01998138427734,148.9129180908203,-3.8220667839050293,0.19908565282821655
5,23809,72384,0.4955633282661438,0.0022356510162353516,258447956,255,0,97.4164047241211,97.2144546508789,97.13217163085938,97.2144546508789,114.49636840820312,-5.672000885009766,-0.5533350110054016
7,50892,66549,0.4732142686843872,0.0022356510162353516,258445737,255,0,97.09477233886719,97.54356384277344,96.60111236572266,99.91466522216797,132.07785034179688,-0.38488587737083435,-0.41828200221061707
6,4459,71537,0.49592673778533936,0.0022356510162353516,258448149,255,0,97.73056030273438,97.18453216552734,97.2518539428711,97.28925323486328,123.56070709228516,-7.420536041259766,-2.105905294418335
0,51711,7773,0.5077561140060425,0.0022356510162353516,258483219,255,0,97.52112579345703,97.50616455078125,97.58844757080078,97.10973358154297,-86.26598358154297,2.1411945819854736,0.1984812170267105
1,49465,19850,0.5022633671760559,0.0022356510162353516,258487197,255,0,95.9129638671875,96.24208068847656,97.6781997680664,96.97510528564453,172.9979248046875,0.6051104068756104,-0.6466570496559143
3,35169,41379,0.5025685429573059,0.0022356510162353516,258482483,255,0,96.73574829101562,97.40892791748047,97.39396667480469,97.92503356933594,-140.52197265625,-4.714668273925781,0.04760788008570671
2,8969,24998,0.5062901973724365,0.0022356510162353516,258486051,255,0,97.13965606689453,97.08729553222656,97.28925323486328,97.54356384277344,15.726797103881836,1.62416410446167,-2.6569817066192627
5,23809,72384,0.4955633282661438,0.0022356510162353516,258482290,255,0,97.42388916015625,97.22193145751953,97.13965606689453,97.2518539428711,114.49667358398438,-5.675779342651367,-0.5592397451400757
4,3514,45296,0.508021354675293,0.0022356510162353516,258486434,255,0,97.3790054321289,97.9325180053711,97.2967300415039,97.04241943359375,148.91314697265625,-3.8239402770996094,0.1923360824584961
6,4459,71537,0.49592673778533936,0.0022356510162353516,258483614,255,0,97.72307586669922,97.17704772949219,97.28177642822266,97.28925323486328,123.56070709228516,-7.420536041259766,-2.105905294418335
7,50892,66549,0.4732142686843872,0.0022356510162353516,258482859,255,0,97.12469482421875,97.55104064941406,96.58615112304688,99.92961883544922,132.06861877441406,-0.3849315345287323,-0.4182639718055725
2,8969,24998,0.5062901973724365,0.0022356510162353516,258522388,255,0,97.12469482421875,97.10973358154297,97.30420684814453,97.54356384277344,15.726797103881836,1.62416410446167,-2.6569817066192627
0,51711,7773,0.5077561140060425,0.0022356510162353516,258524930,255,0,97.52112579345703,97.50616455078125,97.5959243774414,97.09477233886719,-86.27101135253906,2.1360111236572266,0.20316171646118164
1,49465,19850,0.5022633671760559,0.0022356510162353516,258525624,255,0,95.93540954589844,96.2719955444336,97.69316101074219,96.99005889892578,172.9979248046875,0.6051104068756104,-0.6466570496559143
3,35169,41379,0.5025685429573059,0.0022356510162353516,258522422,255,0,96.76566314697266,97.42388916015625,97.4164047241211,97.92503356933594,-140.52188110351562,-4.721246719360352,0.045239776372909546
4,3514,45296,0.508021354675293,0.0022356510162353516,258523206,255,0,97.37152862548828,97.93999481201172,97.28177642822266,97.0349349975586,148.91322326660156,-3.8172054290771484,0.19045835733413696
5,23809,72384,0.4955633282661438,0.0022356510162353516,258523717,255,0,97.42388916015625,97.2144546508789,97.14714050292969,97.2742919921875,114.49124145507812,-5.673522472381592,-0.5686295628547668
7,50892,66549,0.4732142686843872,0.0022356510162353516,258522476,255,0,97.10225677490234,97.58096313476562,96.60858917236328,99.91466522216797,132.06861877441406,-0.3849315345287323,-0.4182639718055725
6,4459,71537,0.49592673778533936,0.0022356510162353516,258524635,255,0,97.74552154541016,97.17704772949219,97.2967300415039,97.2967300415039,123.56070709228516,-7.420536041259766,-2.105905294418335
0,51711,7773,0.5035030245780945,0.0022356510162353516,258564993,255,0,97.51364135742188,97.49868774414062,97.56600189208984,97.10225677490234,-86.26598358154297,2.1411945819854736,0.1984812170267105
1,49465,19850,0.5022633671760559,0.0022356510162353516,258568436,255,0,95.93540954589844,96.28695678710938,97.65575408935547,96.99005889892578,172.9979248046875,0.6051104068756104,-0.6466570496559143
3,35169,41379,0.504037618637085,0.0022356510162353516,258562363,255,0,96.73574829101562,97.43136596679688,97.4164047241211,97.91007232666016,-140.52188110351562,-4.721246719360352,0.045239776372909546
2,8969,24998,0.5062901973724365,0.0022356510162353516,258569128,255,0,97.11721801757812,97.07981872558594,97.28925323486328,97.53608703613281,15.726675987243652,1.6251184940338135,-2.6639108657836914
5,23809,72384,0.49960237741470337,0.0022356510162353516,258563736,255,0,97.43136596679688,97.22941589355469,97.15461730957031,97.23689270019531,114.49156188964844,-5.677300453186035,-0.5745340585708618
6,4459,71537,0.49592673778533936,0.0022356510162353516,258568934,255,0,97.75299835205078,97.19949340820312,97.24436950683594,97.30420684814453,123.56070709228516,-7.420536041259766,-2.105905294418335
1,49465,19850,0.5022633671760559,0.0022356510162353516,258604497,255,0,95.94288635253906,96.25704193115234,97.67072296142578,96.9975357055664,172.9979248046875,0.6051104068756104,-0.6466570496559143
0,51711,10664,0.5035030245780945,0.0022356510162353516,258602875,255,0,97.50616455078125,97.52112579345703,97.5959243774414,97.09477233886719,-86.27587890625,2.1412172317504883,0.1982969343662262
2,8969,24998,0.5062901973724365,0.0022356510162353516,258605271,255,0,97.12469482421875,97.10225677490234,97.28925323486328,97.53608703613281,15.719748497009277,1.6249709129333496,-2.664031505584717
4,3514,40321,0.5054011344909668,0.0022356510162353516,258602318,255,0,97.3565673828125,97.92503356933594,97.28925323486328,97.04241943359375,148.92176818847656,-3.8237926959991455,0.19203995168209076
3,35169,41379,0.504037618637085,0.0022356510162353516,258607476,255,0,96.72826385498047,97.4164047241211,97.42388916015625,97.91007232666016,-140.52188110351562,-4.721246719360352,0.045239776372909546
5,23809,72384,0.49960237741470337,0.0022356510162353516,258607971,255,0,97.4164047241211,97.19949340820312,97.12469482421875,97.23689270019531,114.49156188964844,-5.677300453186035,-0.5745340585708618
6,4459,71537,0.49592673778533936,0.0022356510162353516,258604797,255,0,97.738037109375,97.1920166015625,97.25933074951172,97.31917572021484,123.56070709228516,-7.420536041259766,-2.105905294418335
7,50892,66549,0.4817182421684265,0.0022356510162353516,258605272,255,0,97.13217163085938,97.56600189208984,96.60111236572266,99.90718078613281,132.06863403320312,-0.3913227319717407,-0.41542303562164307
1,49465,19850,0.5022633671760559,0.0022356510162353516,258646387,255,0,95.93540954589844,96.26451873779297,97.65575408935547,96.97510528564453,172.9979248046875,0.6051104068756104,-0.6466570496559143
0,51711,10664,0.5035030245780945,0.0022356510162353516,258644693,255,0,97.50616455078125,97.49868774414062,97.56600189208984,97.10225677490234,-86.27117156982422,2.146216630935669,0.19359329342842102
3,35169,41379,0.504037618637085,0.0022356510162353516,258645053,255,0,96.72826385498047,97.38648986816406,97.40145111083984,97.91007232666016,-140.52188110351562,-4.721246719360352,0.045239776372909546
2,8969,24998,0.5062901973724365,0.0022356510162353516,258647228,255,0,97.13217163085938,97.07981872558594,97.2742919921875,97.52860260009766,15.726675987243652,1.6251184940338135,-2.6639108657836914
4,3514,40321,0.5054011344909668,0.0022356510162353516,258646183,255,0,97.34908294677734,97.91754913330078,97.30420684814453,97.01998138427734,148.9215545654297,-3.8219194412231445,0.19878937304019928
5,23809,72384,0.49960237741470337,0.0022356510162353516,258644522,255,0,97.40892791748047,97.20697021484375,97.11721801757812,97.22193145751953,114.49156188964844,-5.677300453186035,-0.5745340585708618
6,4459,71537,0.49930256605148315,0.0022356510162353516,258645662,255,0,97.74552154541016,97.18453216552734,97.2518539428711,97.26680755615234,123.56070709228516,-7.420536041259766,-2.105905294418335
7,50892,66549,0.4817182421684265,0.0022356510162353516,258642308,255,0,97.07981872558594,97.55852508544922,96.5711898803711,99.91466522216797,132.06857299804688,-0.38209062814712524,-0.41187262535095215
1,49465,19850,0.5022633671760559,0.0022356510162353516,258683445,255,0,95.90548706054688,96.24208068847656,97.64827728271484,96.96762084960938,172.9979248046875,0.6051104068756104,-0.6466570496559143
0,51711,10664,0.5010942816734314,0.0022356510162353516,258682388,255,0,97.50616455078125,97.49868774414062,97.55852508544922,97.07233428955078,-86.27587890625,2.1412172317504883,0.1982969343662262
2,8969,24998,0.5050656199455261,0.0022356510162353516,258682870,255,0,97.11721801757812,97.07233428955078,97.26680755615234,97.52860260009766,15.719748497009277,1.6249709129333496,-2.664031505584717
3,35169,41379,0.504037618637085,0.0022356510162353516,258683472,255,0,96.72078704833984,97.40892791748047,97.38648986816406,97.88763427734375,-140.52188110351562,-4.721246719360352,0.045239776372909546
6,4459,71537,0.49930256605148315,0.0022356510162353516,258682537,255,0,97.73056030273438,97.15461730957031,97.25933074951172,97.25933074951172,123.56070709228516,-7.420536041259766,-2.105905294418335
4,3514,40321,0.5054011344909668,0.0022356510162353516,258684424,255,0,97.36405181884766,97.91007232666016,97.28177642822266,97.02745819091797,148.9215545654297,-3.8219194412231445,0.19878937304019928
5,23809,72384,0.49960237741470337,0.0022356510162353516,258682391,255,0,97.39396667480469,97.1920166015625,97.12469482421875,97.23689270019531,114.49140167236328,-5.667646408081055,-0.5724260210990906
7,50892,66549,0.4817182421684265,0.0022356510162353516,258684821,255,0,97.07981872558594,97.54356384277344,96.58615112304688,99.89969635009766,132.06857299804688,-0.38209062814712524,-0.41187262535095215
1,49465,19850,0.5022633671760559,0.0022356510162353516,258726411,255,0,95.89801025390625,96.24955749511719,97.65575408935547,97.01249694824219,172.9979248046875,0.6051104068756104,-0.6466570496559143
0,51711,10664,0.5010942816734314,0.0022356510162353516,258725877,255,0,97.48371887207031,97.47624206542969,97.573486328125,97.07981872558594,-86.27119445800781,2.1363332271575928,0.19327101111412048
3,35169,41379,0.504037618637085,0.0022356510162353516,258723468,255,0,96.72826385498047,97.40145111083984,97.40145111083984,97.89511108398438,-140.52188110351562,-4.721246719360352,0.045239776372909546
2,8969,24998,0.5050656199455261,0.0022356510162353516,258723746,255,0,97.10973358154297,97.06485748291016,97.24436950683594,97.51364135742188,15.719748497009277,1.6249709129333496,-2.664031505584717
4,3514,40321,0.5054011344909668,0.0022356510162353516,258723877,255,0,97.31917572021484,97.92503356933594,97.2518539428711,96.9975357055664,148.9215545654297,-3.8219194412231445,0.19878937304019928
6,4459,71537,0.49930256605148315,0.0022356510162353516,258723260,255,0,97.7155990600586,97.15461730957031,97.2518539428711,97.26680755615234,123.56070709228516,-7.420536041259766,-2.105905294418335
5,23809,72384,0.49960237741470337,0.0022356510162353516,258729635,255,0,97.40892791748047,97.1920166015625,97.09477233886719,97.22193145751953,114.49730682373047,-5.667804718017578,-0.5727372169494629
1,49465,19850,0.5022633671760559,0.0022356510162353516,258764118,255,0,95.92044830322266,96.25704193115234,97.67072296142578,96.96762084960938,172.9979248046875,0.6051104068756104,-0.6466570496559143
7,50892,66549,0.4817182421684265,0.0022356510162353516,258722359,255,0,97.07981872558594,97.56600189208984,96.58615112304688,99.8847427368164,132.06219482421875,-0.38210415840148926,-0.41184109449386597
3,35169,41379,0.504037618637085,0.0022356510162353516,258765236,255,0,96.73574829101562,97.4164047241211,97.39396667480469,97.91754913330078,-140.52188110351562,-4.721246719360352,0.045239776372909546
2,8969,24998,0.5050656199455261,0.0022356510162353516,258766339,255,0,97.13217163085938,97.09477233886719,97.2742919921875,97.55104064941406,15.726675987243652,1.6251184940338135,-2.6639108657836914
0,51711,10664,0.5012585520744324,0.0022356510162353516,258772105,255,0,97.49868774414062,97.4912109375,97.58096313476562,97.09477233886719,-86.27119445800781,2.1363332271575928,0.19327101111412048
4,3514,40321,0.5054011344909668,0.0022356510162353516,258765827,255,0,97.3565673828125,97.91754913330078,97.2742919921875,97.0349349975586,148.9215545654297,-3.8219194412231445,0.19878937304019928
5,23809,72384,0.503967821598053,0.0022356510162353516,258764145,255,0,97.40892791748047,97.19949340820312,97.12469482421875,97.2518539428711,114.49699401855469,-5.664027214050293,-0.566832423210144
6,4459,71537,0.49930256605148315,0.0022356510162353516,258762226,255,0,97.68567657470703,97.15461730957031,97.2518539428711,97.26680755615234,123.56070709228516,-7.420536041259766,-2.105905294418335
7,50892,66549,0.4866665005683899,0.0022356510162353516,258762635,255,0,97.10225677490234,97.55104064941406,96.57866668701172,99.91466522216797,132.06219482421875,-0.38210415840148926,-0.41184109449386597
0,51711,10664,0.5012585520744324,0.0022356510162353516,258803601,255,0,97.52112579345703,97.52112579345703,97.58844757080078,97.09477233886719,-86.26598358154297,2.1411945819854736,0.1984812170267105
1,49465,19850,0.49777865409851074,0.0022356510162353516,258809170,255,0,95.92044830322266,96.25704193115234,97.68567657470703,96.98258209228516,172.9979248046875,0.6051104068756104,-0.6466570496559143
2,8969,24998,0.5050656199455261,0.0022356510162353516,258802472,255,0,97.13217163085938,97.07981872558594,97.2742919921875,97.54356384277344,15.740201950073242,1.6223076581954956,-2.692340135574341
5,23809,72384,0.503967821598053,0.0022356510162353516,258806788,255,0,97.40892791748047,97.2144546508789,97.13965606689453,97.2742919921875,114.49715423583984,-5.658151149749756,-0.5706286430358887
3,35169,41379,0.504037618637085,0.0022356510162353516,258806504,255,0,96.72078704833984,97.4164047241211,97.40892791748047,97.91754913330078,-140.52188110351562,-4.721246719360352,0.045239776372909546
4,3514,40321,0.5054011344909668,0.0022356510162353516,258804568,255,0,97.3565673828125,97.9325180053711,97.28925323486328,97.04241943359375,148.9215545654297,-3.8219194412231445,0.19878937304019928
6,4459,71537,0.49930256605148315,0.0022356510162353516,258802581,255,0,97.738037109375,97.1920166015625,97.26680755615234,97.28925323486328,123.56070709228516,-7.420536041259766,-2.105905294418335
7,50892,66549,0.4866665005683899,0.0022356510162353516,258803880,255,0,97.12469482421875,97.55104064941406,96.5936279296875,99.90718078613281,132.06224060058594,-0.3913361728191376,-0.41539090871810913
1,49465,19850,0.49777865409851074,0.0022356510162353516,258842753,255,0,95.92792510986328,96.25704193115234,97.6781997680664,96.99005889892578,172.9979248046875,0.6051104068756104,-0.6466570496559143
0,51711,10664,0.5012585520744324,0.0022356510162353516,258842491,255,0,97.51364135742188,97.52112579345703,97.58096313476562,97.10225677490234,-86.26598358154297,2.1411945819854736,0.1984812170267105
2,8969,24998,0.5050656199455261,0.0022356510162353516,258842559,255,0,97.13217163085938,97.07981872558594,97.2742919921875,97.55104064941406,15.740321159362793,1.6213525533676147,-2.6854114532470703
3,35169,41379,0.504037618637085,0.0022356510162353516,258843166,255,0,96.75070190429688,97.42388916015625,97.4164047241211,97.91754913330078,-140.52188110351562,-4.721246719360352,0.045239776372909546
4,3514,40321,0.5054011344909668,0.0022356510162353516,258843541,255,0,97.3790054321289,97.9325180053711,97.28177642822266,97.02745819091797,148.9215545654297,-3.8219194412231445,0.19878937304019928
5,23809,72384,0.503967821598053,0.0022356510162353516,258846068,255,0,97.40145111083984,97.22941589355469,97.14714050292969,97.24436950683594,114.49699401855469,-5.664027214050293,-0.566832423210144
6,4459,71537,0.49930256605148315,0.0022356510162353516,258843100,255,0,97.74552154541016,97.18453216552734,97.24436950683594,97.2967300415039,123.56070709228516,-7.420536041259766,-2.105905294418335
7,50892,66549,0.4866665005683899,0.0022356510162353516,258844320,255,0,97.11721801757812,97.58096313476562,96.60858917236328,99.92961883544922,132.06224060058594,-0.3913361728191376,-0.41539090871810913
1,49465,19850,0.4993281960487366,0.0022356510162353516,258882695,255,0,95.94288635253906,96.2719955444336,97.68567657470703,96.98258209228516,172.9979248046875,0.6051104068756104,-0.6466570496559143
0,51711,10664,0.5009711980819702,0.0022356510162353516,258884301,255,0,97.50616455078125,97.50616455078125,97.58096313476562,97.10225677490234,-86.26598358154297,2.1411945819854736,0.1984812170267105
2,8969,24998,0.5050656199455261,0.0022356510162353516,258886600,255,0,97.13217163085938,97.07981872558594,97.28177642822266,97.54356384277344,15.740321159362793,1.6213525533676147,-2.6854114532470703
3,35169,41379,0.5072499513626099,0.0022356510162353516,258883223,255,0,96.73574829101562,97.40145111083984,97.38648986816406,97.90259552001953,-140.52188110351562,-4.721246719360352,0.045239776372909546
6,4459,71537,0.49766087532043457,0.0022356510162353516,258883527,255,0,97.738037109375,97.1920166015625,97.2742919921875,97.28177642822266,123.56070709228516,-7.420536041259766,-2.105905294418335
4,3514,40321,0.5038154125213623,0.0022356510162353516,258886814,255,0,97.34908294677734,97.91754913330078,97.2742919921875,97.0349349975586,148.9215545654297,-3.8219194412231445,0.19878937304019928
5,23809,72384,0.503967821598053,0.0022356510162353516,258887403,255,0,97.4164047241211,97.2144546508789,97.12469482421875,97.24436950683594,114.49124908447266,-5.657993316650391,-0.5703180432319641
7,50892,66549,0.4866665005683899,0.0022356510162353516,258889297,255,0,97.10225677490234,97.55104064941406,96.5711898803711,99.90718078613281,132.06224060058594,-0.3913361728191376,-0.41539090871810913
1,49465,19850,0.4993281960487366,0.0022356510162353516,258924799,255,0,95.93540954589844,96.25704193115234,97.65575408935547,96.96762084960938,172.9979248046875,0.6051104068756104,-0.6466570496559143
2,8969,24998,0.5050656199455261,0.0022356510162353516,258922444,255,0,97.09477233886719,97.04989624023438,97.2518539428711,97.52112579345703,15.740442276000977,1.6203974485397339,-2.6784827709198
0,51711,10664,0.5009711980819702,0.0022356510162353516,258926567,255,0,97.4912109375,97.47624206542969,97.55104064941406,97.07981872558594,-86.2612075805664,2.1410908699035645,0.19856175780296326
3,35169,41379,0.5072499513626099,0.0022356510162353516,258923413,255,0,96.70582580566406,97.38648986816406,97.3790054321289,97.87267303466797,-140.52188110351562,-4.721246719360352,0.045239776372909546
4,3514,40321,0.5038154125213623,0.0022356510162353516,258923442,255,0,97.32665252685547,97.88763427734375,97.2742919921875,97.00501251220703,148.9215545654297,-3.8219194412231445,0.19878937304019928
5,23809,72384,0.503967821598053,0.0022356510162353516,258922563,255,0,97.38648986816406,97.19949340820312,97.12469482421875,97.20697021484375,114.49124908447266,-5.657993316650391,-0.5703180432319641
6,4459,71537,0.49766087532043457,0.0022356510162353516,258925230,255,0,97.7155990600586,97.16957092285156,97.23689270019531,97.25933074951172,123.56070709228516,-7.420536041259766,-2.105905294418335
1,49465,19850,0.4993281960487366,0.0022356510162353516,258962714,255,0,95.87556457519531,96.21963500976562,97.6333236694336,96.9526596069336,172.9978790283203,0.6194992661476135,-0.640530526638031
0,51711,10664,0.5009711980819702,0.0022356510162353516,258962436,255,0,97.46128845214844,97.46128845214844,97.53608703613281,97.05738067626953,-86.25598907470703,2.145951509475708,0.20377284288406372
2,8969,24998,0.5050656199455261,0.0022356510162353516,258962505,255,0,97.09477233886719,97.04989624023438,97.22193145751953,97.48371887207031,15.740591049194336,1.6134716272354126,-2.6794381141662598
3,35169,41379,0.5072499513626099,0.0022356510162353516,258962634,255,0,96.6684341430664,97.3790054321289,97.3565673828125,97.86519622802734,-140.52188110351562,-4.721246719360352,0.045239776372909546
4,3514,40321,0.5036640167236328,0.0022356510162353516,258965635,255,0,97.31917572021484,97.88763427734375,97.24436950683594,96.98258209228516,148.9215545654297,-3.8219194412231445,0.19878937304019928
6,4459,71537,0.49766087532043457,0.0022356510162353516,258964473,255,0,97.6781997680664,97.14714050292969,97.23689270019531,97.22941589355469,123.56070709228516,-7.420536041259766,-2.105905294418335
5,23809,72384,0.4956299066543579,0.0022356510162353516,258962366,255,0,97.3790054321289,97.16957092285156,97.06485748291016,97.20697021484375,114.49140930175781,-5.6521172523498535,-0.5741144418716431
7,50892,66549,0.4866665005683899,0.0022356510162353516,258964984,255,0,97.07233428955078,97.51364135742188,96.55622863769531,99.86978149414062,132.06224060058594,-0.3913361728191376,-0.41539090871810913
1,49465,19850,0.4993281960487366,0.0022356510162353516,259004037,255,0,95.86808776855469,96.19720458984375,97.60340118408203,96.92273712158203,172.9978790283203,0.6194992661476135,-0.640530526638031
2,8969,24998,0.5058366060256958,0.0022356510162353516,259005775,255,0,97.06485748291016,97.01249694824219,97.23689270019531,97.48371887207031,15.747371673583984,1.6205459833145142,-2.6783621311187744
0,51711,10664,0.5027905702590942,0.0022356510162353516,259007710,255,0,97.44632720947266,97.45381164550781,97.50616455078125,97.04241943359375,-86.25591278076172,2.14084792137146,0.20855657756328583
3,35169,41379,0.5072499513626099,0.0022356510162353516,259002414,255,0,96.68338775634766,97.34908294677734,97.3565673828125,97.85023498535156,-140.52188110351562,-4.721246719360352,0.045239776372909546
4,3514,40321,0.5036640167236328,0.0022356510162353516,259004330,255,0,97.28177642822266,97.88015747070312,97.2144546508789,96.97510528564453,148.9215545654297,-3.8219194412231445,0.19878937304019928
5,23809,72384,0.4956299066543579,0.0022356510162353516,259004425,255,0,97.3565673828125,97.14714050292969,97.07981872558594,97.18453216552734,114.49140930175781,-5.6521172523498535,-0.5741144418716431
6,4459,71537,0.49766087532043457,0.0022356510162353516,259007396,255,0,97.68567657470703,97.11721801757812,97.24436950683594,97.24436950683594,123.56070709228516,-7.420536041259766,-2.105905294418335
7,50892,66549,0.4866665005683899,0.0022356510162353516,259003977,255,0,97.04241943359375,97.49868774414062,96.54875183105469,99.83985900878906,132.06224060058594,-0.3913361728191376,-0.41539090871810913
1,49465,19850,0.4993281960487366,0.0022356510162353516,259045465,255,0,95.86061096191406,96.19720458984375,97.60340118408203,96.93022155761719,172.9978790283203,0.6194992661476135,-0.640530526638031
0,51711,10664,0.5027905702590942,0.0022356510162353516,259044925,255,0,97.4388427734375,97.43136596679688,97.52860260009766,97.0349349975586,-86.25591278076172,2.14084792137146,0.20855657756328583
3,35169,41379,0.5072499513626099,0.0022356510162353516,259042758,255,0,96.68338775634766,97.34908294677734,97.3565673828125,97.83528137207031,-140.52188110351562,-4.721246719360352,0.045239776372909546
2,8969,24998,0.5058366060256958,0.0022356510162353516,259047134,255,0,97.06485748291016,97.02745819091797,97.22193145751953,97.47624206542969,15.7472505569458,1.6215013265609741,-2.685291051864624
5,23809,72384,0.4956299066543579,0.0022356510162353516,259044458,255,0,97.34908294677734,97.14714050292969,97.07981872558594,97.18453216552734,114.4909439086914,-5.654215335845947,-0.5644136667251587
4,3514,40321,0.5036640167236328,0.0022356510162353516,259049718,255,0,97.28925323486328,97.86519622802734,97.22941589355469,96.99005889892578,148.9215545654297,-3.8219194412231445,0.19878937304019928
6,4459,71537,0.49766087532043457,0.0022356510162353516,259045093,255,0,97.68567657470703,97.13217163085938,97.19949340820312,97.22193145751953,123.56070709228516,-7.420536041259766,-2.105905294418335
7,50892,66549,0.4866665005683899,0.0022356510162353516,259042489,255,0,97.04989624023438,97.47624206542969,96.52630615234375,99.84734344482422,132.06224060058594,-0.3913361728191376,-0.41539090871810913
1,49465,19850,0.4993281960487366,0.0022356510162353516,259086063,255,0,95.87556457519531,96.1897201538086,97.62584686279297,96.93769836425781,172.9978790283203,0.6194992661476135,-0.640530526638031
0,51711,10664,0.5033382177352905,0.0022356510162353516,259087075,255,0,97.47624206542969,97.45381164550781,97.55104064941406,97.04241943359375,-86.25591278076172,2.14084792137146,0.20855657756328583
2,8969,24998,0.5055366158485413,0.0022356510162353516,259083485,255,0,97.10973358154297,97.02745819091797,97.2518539428711,97.48371887207031,15.740321159362793,1.6213525533676147,-2.6854114532470703
3,35169,41379,0.5072499513626099,0.0022356510162353516,259082292,255,0,96.67591094970703,97.39396667480469,97.34160614013672,97.87267303466797,-140.52188110351562,-4.721246719360352,0.045239776372909546
4,3514,40321,0.5036640167236328,0.0022356510162353516,259083756,255,0,97.30420684814453,97.87267303466797,97.22193145751953,96.9975357055664,148.9215545654297,-3.8219194412231445,0.19878937304019928
6,4459,71537,0.49766087532043457,0.0022356510162353516,259082536,255,0,97.68567657470703,97.13217163085938,97.1920166015625,97.24436950683594,123.56070709228516,-7.420536041259766,-2.105905294418335
5,23809,72384,0.4956299066543579,0.0022356510162353516,259083543,255,0,97.36405181884766,97.16209411621094,97.09477233886719,97.19949340820312,114.49140930175781,-5.6521172523498535,-0.5741144418716431
7,50892,66549,0.4866665005683899,0.0022356510162353516,259084397,255,0,97.07233428955078,97.52112579345703,96.54875183105469,99.85482025146484,132.06224060058594,-0.3913361728191376,-0.41539090871810913
0,51711,10664,0.5033382177352905,0.0022356510162353516,259123272,255,0,97.46876525878906,97.48371887207031,97.52112579345703,97.0349349975586,-86.25591278076172,2.14084792137146,0.20855657756328583
1,49465,23530,0.4993281960487366,0.0022356510162353516,259122540,255,0,95.87556457519531,96.23460388183594,97.64827728271484,96.92273712158203,172.9978790283203,0.6194992661476135,-0.640530526638031
2,8969,24998,0.5055366158485413,0.0022356510162353516,259124439,255,0,97.10973358154297,97.05738067626953,97.2518539428711,97.50616455078125,15.740293502807617,1.6273233890533447,-2.6775271892547607
3,35169,41379,0.5072499513626099,0.0022356510162353516,259124437,255,0,96.6983413696289,97.40145111083984,97.36405181884766,97.89511108398438,-140.52188110351562,-4.721246719360352,0.045239776372909546
4,3514,40321,0.5036640167236328,0.0022356510162353516,259132670,255,0,97.34160614013672,97.91754913330078,97.2742919921875,97.01249694824219,148.9215545654297,-3.8219194412231445,0.19878937304019928
5,23809,61347,0.4956299066543579,0.0022356510162353516,259122994,255,0,97.40145111083984,97.18453216552734,97.08729553222656,97.20697021484375,114.49140930175781,-5.6521172523498535,-0.5741144418716431
6,4459,71537,0.49766087532043457,0.0022356510162353516,259122812,255,0,97.69316101074219,97.11721801757812,97.22941589355469,97.28177642822266,123.56070709228516,-7.420536041259766,-2.105905294418335
7,50892,66549,0.4866665005683899,0.0022356510162353516,259128706,255,0,97.10225677490234,97.54356384277344,96.5936279296875,99.89969635009766,132.06224060058594,-0.3913361728191376,-0.41539090871810913
3,35169,41379,0.5072499513626099,0.0022356510162353516,259162205,255,0,96.74322509765625,97.44632720947266,97.40892791748047,97.91754913330078,-140.52178955078125,-4.7278242111206055,0.042871661484241486
1,49465,23530,0.4993281960487366,0.0022356510162353516,259164172,255,0,95.95784759521484,96.23460388183594,97.68567657470703,96.97510528564453,172.9978790283203,0.6194992661476135,-0.640530526638031
0,51711,10664,0.5033382177352905,0.0022356510162353516,259164524,255,0,97.51364135742188,97.52112579345703,97.58096313476562,97.10225677490234,-86.25591278076172,2.14084792137146,0.20855657756328583
4,3514,40321,0.5036640167236328,0.0022356510162353516,259162637,255,0,97.36405181884766,97.95494842529297,97.28177642822266,97.04241943359375,148.9215545654297,-3.8219194412231445,0.19878937304019928
2,8969,47239,0.5055366158485413,0.0022356510162353516,259164436,255,0,97.13217163085938,97.10225677490234,97.30420684814453,97.54356384277344,15.740293502807617,1.6273233890533447,-2.6775271892547607
6,4459,71537,0.49766087532043457,0.0022356510162353516,259165227,255,0,97.76048278808594,97.16957092285156,97.2518539428711,97.28925323486328,123.56070709228516,-7.420536041259766,-2.105905294418335
1,49465,23530,0.5026890635490417,0.0022356510162353516,259207778,255,0,95.96532440185547,96.28695678710938,97.68567657470703,96.9975357055664,172.9978790283203,0.6194992661476135,-0.640530526638031
0,51711,10664,0.5029548406600952,0.0022356510162353516,259206892,255,0,97.55104064941406,97.51364135742188,97.61087799072266,97.10973358154297,-86.25591278076172,2.14084792137146,0.20855657756328583
7,50892,66549,0.4866665005683899,0.0022356510162353516,259170713,255,0,97.13217163085938,97.58096313476562,96.6160659790039,99.92961883544922,132.06224060058594,-0.3913361728191376,-0.41539090871810913
3,35169,41379,0.5031181573867798,0.0022356510162353516,259204644,255,0,96.76566314697266,97.43136596679688,97.45381164550781,97.94747161865234,-140.52178955078125,-4.7278242111206055,0.042871661484241486
2,8969,47239,0.5055366158485413,0.0022356510162353516,259205626,255,0,97.14714050292969,97.11721801757812,97.30420684814453,97.55852508544922,15.740293502807617,1.6273233890533447,-2.6775271892547607
4,3514,40321,0.5036640167236328,0.0022356510162353516,259203995,255,0,97.39396667480469,97.95494842529297,97.32665252685547,97.07233428955078,148.9215545654297,-3.8219194412231445,0.19878937304019928
